date,sales_units,promotion,day_of_week,week_of_year,month,year,sales_lag_1,sales_lag_7,sales_roll_7,sales_roll_28
2022-01-28,200.0,0,4,4,1,2022,224.0,199.0,206.14285714285714,208.82142857142858
2022-01-29,177.0,1,5,4,1,2022,200.0,146.0,210.57142857142858,209.35714285714286
2022-01-30,171.0,0,6,4,1,2022,177.0,187.0,208.28571428571428,206.21428571428572
2022-01-31,188.0,0,0,5,1,2022,171.0,214.0,204.57142857142858,204.82142857142858
2022-02-01,205.0,0,1,5,2,2022,188.0,248.0,198.42857142857142,204.14285714285714
2022-02-02,248.0,0,2,5,2,2022,205.0,224.0,201.85714285714286,204.78571428571428
2022-02-03,230.0,0,3,5,2,2022,248.0,224.0,202.71428571428572,205.67857142857142
2022-02-04,223.0,0,4,5,2,2022,230.0,200.0,206.0,206.21428571428572
2022-02-05,180.0,0,5,5,2,2022,223.0,177.0,206.42857142857142,206.46428571428572
2022-02-06,213.0,1,6,5,2,2022,180.0,171.0,212.42857142857142,208.39285714285714
2022-02-07,190.0,0,0,6,2,2022,213.0,188.0,212.71428571428572,209.85714285714286
2022-02-08,255.0,1,1,6,2,2022,190.0,205.0,219.85714285714286,210.28571428571428
2022-02-09,286.0,1,2,6,2,2022,255.0,248.0,225.28571428571428,212.78571428571428
2022-02-10,230.0,0,3,6,2,2022,286.0,230.0,225.28571428571428,212.60714285714286
2022-02-11,201.0,0,4,6,2,2022,230.0,223.0,222.14285714285714,213.96428571428572
2022-02-12,229.0,1,5,6,2,2022,201.0,180.0,229.14285714285714,213.82142857142858
2022-02-13,176.0,0,6,6,2,2022,229.0,213.0,223.85714285714286,212.57142857142858
2022-02-14,194.0,0,0,7,2,2022,176.0,190.0,224.42857142857142,212.5
2022-02-15,210.0,0,1,7,2,2022,194.0,255.0,218.0,212.53571428571428
2022-02-16,215.0,0,2,7,2,2022,210.0,286.0,207.85714285714286,211.92857142857142
2022-02-17,244.0,0,3,7,2,2022,215.0,230.0,209.85714285714286,210.96428571428572
2022-02-18,199.0,0,4,7,2,2022,244.0,201.0,209.57142857142858,210.96428571428572
2022-02-19,155.0,0,5,7,2,2022,199.0,229.0,199.0,211.28571428571428
2022-02-20,162.0,0,6,7,2,2022,155.0,176.0,197.0,210.39285714285714
2022-02-21,188.0,1,0,8,2,2022,162.0,194.0,196.14285714285714,209.46428571428572
2022-02-22,223.0,0,1,8,2,2022,188.0,210.0,198.0,208.57142857142858
2022-02-23,275.0,0,2,8,2,2022,223.0,215.0,206.57142857142858,210.39285714285714
2022-02-24,270.0,1,3,8,2,2022,275.0,244.0,210.28571428571428,212.03571428571428
2022-02-25,208.0,0,4,8,2,2022,270.0,199.0,211.57142857142858,212.32142857142858
2022-02-26,169.0,0,5,8,2,2022,208.0,155.0,213.57142857142858,212.03571428571428
2022-02-27,182.0,0,6,8,2,2022,169.0,162.0,216.42857142857142,212.42857142857142
2022-02-28,251.0,1,0,9,2,2022,182.0,188.0,225.42857142857142,214.67857142857142
2022-03-01,269.0,0,1,9,3,2022,251.0,223.0,232.0,216.96428571428572
2022-03-02,193.0,0,2,9,3,2022,269.0,275.0,220.28571428571428,215.0
2022-03-03,262.0,0,3,9,3,2022,193.0,270.0,219.14285714285714,216.14285714285714
2022-03-04,189.0,0,4,9,3,2022,262.0,208.0,216.42857142857142,214.92857142857142
2022-03-05,172.0,0,5,9,3,2022,189.0,169.0,216.85714285714286,214.64285714285714
2022-03-06,196.0,0,6,9,3,2022,172.0,182.0,218.85714285714286,214.03571428571428
2022-03-07,163.0,0,0,10,3,2022,196.0,251.0,206.28571428571428,213.07142857142858
2022-03-08,202.0,0,1,10,3,2022,163.0,269.0,196.71428571428572,211.17857142857142
2022-03-09,209.0,0,2,10,3,2022,202.0,193.0,199.0,208.42857142857142
2022-03-10,200.0,0,3,10,3,2022,209.0,262.0,190.14285714285714,207.35714285714286
2022-03-11,162.0,0,4,10,3,2022,200.0,189.0,186.28571428571428,205.96428571428572
2022-03-12,170.0,0,5,10,3,2022,162.0,172.0,186.0,203.85714285714286
2022-03-13,182.0,0,6,10,3,2022,170.0,196.0,184.0,204.07142857142858
2022-03-14,201.0,0,0,11,3,2022,182.0,163.0,189.42857142857142,204.32142857142858
2022-03-15,244.0,0,1,11,3,2022,201.0,202.0,195.42857142857142,205.53571428571428
2022-03-16,229.0,0,2,11,3,2022,244.0,209.0,198.28571428571428,206.03571428571428
2022-03-17,240.0,0,3,11,3,2022,229.0,200.0,204.0,205.89285714285714
2022-03-18,223.0,0,4,11,3,2022,240.0,162.0,212.71428571428572,206.75
2022-03-19,165.0,0,5,11,3,2022,223.0,170.0,212.0,207.10714285714286
2022-03-20,162.0,0,6,11,3,2022,165.0,182.0,209.14285714285714,207.10714285714286
2022-03-21,216.0,0,0,12,3,2022,162.0,201.0,211.28571428571428,208.10714285714286
2022-03-22,230.0,0,1,12,3,2022,216.0,244.0,209.28571428571428,208.35714285714286
2022-03-23,210.0,0,2,12,3,2022,230.0,229.0,206.57142857142858,206.03571428571428
2022-03-24,215.0,0,3,12,3,2022,210.0,240.0,203.0,204.07142857142858
2022-03-25,193.0,0,4,12,3,2022,215.0,223.0,198.71428571428572,203.53571428571428
2022-03-26,161.0,0,5,12,3,2022,193.0,165.0,198.14285714285714,203.25
2022-03-27,176.0,0,6,12,3,2022,161.0,162.0,200.14285714285714,203.03571428571428
2022-03-28,221.0,0,0,13,3,2022,176.0,216.0,200.85714285714286,201.96428571428572
2022-03-29,243.0,0,1,13,3,2022,221.0,230.0,202.71428571428572,201.03571428571428
2022-03-30,252.0,1,2,13,3,2022,243.0,210.0,208.71428571428572,203.14285714285714
2022-03-31,252.0,0,3,13,3,2022,252.0,215.0,214.0,202.78571428571428
2022-04-01,259.0,1,4,13,4,2022,252.0,193.0,223.42857142857142,205.28571428571428
2022-04-02,151.0,0,5,13,4,2022,259.0,161.0,222.0,204.53571428571428
2022-04-03,207.0,0,6,13,4,2022,151.0,176.0,226.42857142857142,204.92857142857142
2022-04-04,233.0,0,0,14,4,2022,207.0,221.0,228.14285714285714,207.42857142857142
2022-04-05,247.0,0,1,14,4,2022,233.0,243.0,228.71428571428572,209.03571428571428
2022-04-06,252.0,0,2,14,4,2022,247.0,252.0,228.71428571428572,210.57142857142858
2022-04-07,279.0,0,3,14,4,2022,252.0,252.0,232.57142857142858,213.39285714285714
2022-04-08,226.0,0,4,14,4,2022,279.0,259.0,227.85714285714286,215.67857142857142
2022-04-09,229.0,1,5,14,4,2022,226.0,151.0,239.0,217.78571428571428
2022-04-10,210.0,0,6,14,4,2022,229.0,207.0,239.42857142857142,218.78571428571428
2022-04-11,211.0,0,0,15,4,2022,210.0,233.0,236.28571428571428,219.14285714285714
2022-04-12,267.0,0,1,15,4,2022,211.0,247.0,239.14285714285714,219.96428571428572
2022-04-13,225.0,0,2,15,4,2022,267.0,252.0,235.28571428571428,219.82142857142858
2022-04-14,200.0,0,3,15,4,2022,225.0,279.0,224.0,218.39285714285714
2022-04-15,203.0,0,4,15,4,2022,200.0,226.0,220.71428571428572,217.67857142857142
2022-04-16,239.0,1,5,15,4,2022,203.0,229.0,222.14285714285714,220.32142857142858
2022-04-17,201.0,0,6,15,4,2022,239.0,210.0,220.85714285714286,221.71428571428572
2022-04-18,242.0,0,0,16,4,2022,201.0,211.0,225.28571428571428,222.64285714285714
2022-04-19,245.0,0,1,16,4,2022,242.0,267.0,222.14285714285714,223.17857142857142
2022-04-20,256.0,0,2,16,4,2022,245.0,225.0,226.57142857142858,224.82142857142858
2022-04-21,214.0,0,3,16,4,2022,256.0,200.0,228.57142857142858,224.78571428571428
2022-04-22,178.0,0,4,16,4,2022,214.0,203.0,225.0,224.25
2022-04-23,164.0,0,5,16,4,2022,178.0,239.0,214.28571428571428,224.35714285714286
2022-04-24,210.0,0,6,16,4,2022,164.0,201.0,215.57142857142858,225.57142857142858
2022-04-25,213.0,0,0,17,4,2022,210.0,242.0,211.42857142857142,225.28571428571428
2022-04-26,240.0,0,1,17,4,2022,213.0,245.0,210.71428571428572,225.17857142857142
2022-04-27,237.0,0,2,17,4,2022,240.0,256.0,208.0,224.64285714285714
2022-04-28,214.0,0,3,17,4,2022,237.0,214.0,208.0,223.28571428571428
2022-04-29,164.0,0,4,17,4,2022,214.0,178.0,206.0,219.89285714285714
2022-04-30,181.0,0,5,17,4,2022,164.0,164.0,208.42857142857142,220.96428571428572
2022-05-01,216.0,0,6,17,5,2022,181.0,210.0,209.28571428571428,221.28571428571428
2022-05-02,235.0,0,0,18,5,2022,216.0,213.0,212.42857142857142,221.35714285714286
2022-05-03,306.0,1,1,18,5,2022,235.0,240.0,221.85714285714286,223.46428571428572
2022-05-04,331.0,1,2,18,5,2022,306.0,237.0,235.28571428571428,226.28571428571428
2022-05-05,205.0,0,3,18,5,2022,331.0,214.0,234.0,223.64285714285714
2022-05-06,185.0,0,4,18,5,2022,205.0,164.0,237.0,222.17857142857142
2022-05-07,187.0,0,5,18,5,2022,185.0,181.0,237.85714285714286,220.67857142857142
2022-05-08,143.0,0,6,18,5,2022,187.0,216.0,227.42857142857142,218.28571428571428
2022-05-09,176.0,0,0,19,5,2022,143.0,235.0,219.0,217.03571428571428
2022-05-10,198.0,0,1,19,5,2022,176.0,306.0,203.57142857142858,214.57142857142858
2022-05-11,257.0,0,2,19,5,2022,198.0,331.0,193.0,215.71428571428572
2022-05-12,227.0,0,3,19,5,2022,257.0,205.0,196.14285714285714,216.67857142857142
2022-05-13,187.0,0,4,19,5,2022,227.0,185.0,196.42857142857142,216.10714285714286
2022-05-14,149.0,0,5,19,5,2022,187.0,187.0,191.0,212.89285714285714
2022-05-15,227.0,1,6,19,5,2022,149.0,143.0,203.0,213.82142857142858
2022-05-16,192.0,0,0,20,5,2022,227.0,176.0,205.28571428571428,212.03571428571428
2022-05-17,222.0,0,1,20,5,2022,192.0,198.0,208.71428571428572,211.21428571428572
2022-05-18,270.0,0,2,20,5,2022,222.0,257.0,210.57142857142858,211.71428571428572
2022-05-19,215.0,0,3,20,5,2022,270.0,227.0,208.85714285714286,211.75
2022-05-20,216.0,1,4,20,5,2022,215.0,187.0,213.0,213.10714285714286
2022-05-21,151.0,0,5,20,5,2022,216.0,149.0,213.28571428571428,212.64285714285714
2022-05-22,198.0,0,6,20,5,2022,151.0,227.0,209.14285714285714,212.21428571428572
2022-05-23,204.0,0,0,21,5,2022,198.0,192.0,210.85714285714286,211.89285714285714
2022-05-24,230.0,0,1,21,5,2022,204.0,222.0,212.0,211.53571428571428
2022-05-25,211.0,0,2,21,5,2022,230.0,270.0,203.57142857142858,210.60714285714286
2022-05-26,251.0,0,3,21,5,2022,211.0,215.0,208.71428571428572,211.92857142857142
2022-05-27,182.0,0,4,21,5,2022,251.0,216.0,203.85714285714286,212.57142857142858
2022-05-28,195.0,0,5,21,5,2022,182.0,151.0,210.14285714285714,213.07142857142858
2022-05-29,249.0,1,6,21,5,2022,195.0,198.0,217.42857142857142,214.25
2022-05-30,227.0,0,0,22,5,2022,249.0,204.0,220.71428571428572,213.96428571428572
2022-05-31,239.0,0,1,22,5,2022,227.0,230.0,222.0,211.57142857142858
2022-06-01,290.0,1,2,22,6,2022,239.0,211.0,233.28571428571428,210.10714285714286
2022-06-02,235.0,0,3,22,6,2022,290.0,251.0,231.0,211.17857142857142
2022-06-03,172.0,0,4,22,6,2022,235.0,182.0,229.57142857142858,210.71428571428572
2022-06-04,192.0,0,5,22,6,2022,172.0,195.0,229.14285714285714,210.89285714285714
2022-06-05,202.0,0,6,22,6,2022,192.0,249.0,222.42857142857142,213.0
2022-06-06,269.0,1,0,23,6,2022,202.0,227.0,228.42857142857142,216.32142857142858
2022-06-07,183.0,0,1,23,6,2022,269.0,239.0,220.42857142857142,215.78571428571428
2022-06-08,265.0,0,2,23,6,2022,183.0,290.0,216.85714285714286,216.07142857142858
2022-06-09,221.0,0,3,23,6,2022,265.0,235.0,214.85714285714286,215.85714285714286
2022-06-10,218.0,0,4,23,6,2022,221.0,172.0,221.42857142857142,216.96428571428572
2022-06-11,170.0,0,5,23,6,2022,218.0,192.0,218.28571428571428,217.71428571428572
2022-06-12,178.0,0,6,23,6,2022,170.0,202.0,214.85714285714286,215.96428571428572
2022-06-13,220.0,0,0,24,6,2022,178.0,269.0,207.85714285714286,216.96428571428572
2022-06-14,225.0,0,1,24,6,2022,220.0,183.0,213.85714285714286,217.07142857142858
2022-06-15,251.0,0,2,24,6,2022,225.0,265.0,211.85714285714286,216.39285714285714
2022-06-16,258.0,1,3,24,6,2022,251.0,221.0,217.14285714285714,217.92857142857142
2022-06-17,184.0,0,4,24,6,2022,258.0,218.0,212.28571428571428,216.78571428571428
2022-06-18,187.0,0,5,24,6,2022,184.0,170.0,214.71428571428572,218.07142857142858
2022-06-19,156.0,0,6,24,6,2022,187.0,178.0,211.57142857142858,216.57142857142858
2022-06-20,185.0,0,0,25,6,2022,156.0,220.0,206.57142857142858,215.89285714285714
2022-06-21,254.0,0,1,25,6,2022,185.0,225.0,210.71428571428572,216.75
2022-06-22,257.0,0,2,25,6,2022,254.0,251.0,211.57142857142858,218.39285714285714
2022-06-23,239.0,0,3,25,6,2022,257.0,258.0,208.85714285714286,217.96428571428572
2022-06-24,224.0,0,4,25,6,2022,239.0,184.0,214.57142857142858,219.46428571428572
2022-06-25,183.0,0,5,25,6,2022,224.0,187.0,214.0,219.03571428571428
2022-06-26,175.0,0,6,25,6,2022,183.0,156.0,216.71428571428572,216.39285714285714
2022-06-27,190.0,0,0,26,6,2022,175.0,185.0,217.42857142857142,215.07142857142858
2022-06-28,269.0,0,1,26,6,2022,190.0,254.0,219.57142857142858,216.14285714285714
2022-06-29,317.0,1,2,26,6,2022,269.0,257.0,228.14285714285714,217.10714285714286
2022-06-30,199.0,0,3,26,6,2022,317.0,239.0,222.42857142857142,215.82142857142858
2022-07-01,203.0,0,4,26,7,2022,199.0,224.0,219.42857142857142,216.92857142857142
2022-07-02,163.0,0,5,26,7,2022,203.0,183.0,216.57142857142858,215.89285714285714
2022-07-03,165.0,0,6,26,7,2022,163.0,175.0,215.14285714285714,214.57142857142858
2022-07-04,223.0,0,0,27,7,2022,165.0,190.0,219.85714285714286,212.92857142857142
2022-07-05,229.0,0,1,27,7,2022,223.0,269.0,214.14285714285714,214.57142857142858
2022-07-06,262.0,0,2,27,7,2022,229.0,317.0,206.28571428571428,214.46428571428572
2022-07-07,260.0,1,3,27,7,2022,262.0,199.0,215.0,215.85714285714286
2022-07-08,185.0,0,4,27,7,2022,260.0,203.0,212.42857142857142,214.67857142857142
2022-07-09,185.0,0,5,27,7,2022,185.0,163.0,215.57142857142858,215.21428571428572
2022-07-10,158.0,0,6,27,7,2022,185.0,165.0,214.57142857142858,214.5
2022-07-11,182.0,0,0,28,7,2022,158.0,223.0,208.71428571428572,213.14285714285714
2022-07-12,241.0,0,1,28,7,2022,182.0,229.0,210.42857142857142,213.71428571428572
2022-07-13,233.0,0,2,28,7,2022,241.0,262.0,206.28571428571428,213.07142857142858
2022-07-14,186.0,0,3,28,7,2022,233.0,260.0,195.71428571428572,210.5
2022-07-15,182.0,0,4,28,7,2022,186.0,185.0,195.28571428571428,210.42857142857142
2022-07-16,188.0,0,5,28,7,2022,182.0,185.0,195.71428571428572,210.46428571428572
2022-07-17,225.0,1,6,28,7,2022,188.0,158.0,205.28571428571428,212.92857142857142
2022-07-18,199.0,0,0,29,7,2022,225.0,182.0,207.71428571428572,213.42857142857142
2022-07-19,234.0,0,1,29,7,2022,199.0,241.0,206.71428571428572,212.71428571428572
2022-07-20,269.0,0,2,29,7,2022,234.0,233.0,211.85714285714286,213.14285714285714
2022-07-21,254.0,0,3,29,7,2022,269.0,186.0,221.57142857142858,213.67857142857142
2022-07-22,196.0,0,4,29,7,2022,254.0,182.0,223.57142857142858,212.67857142857142
2022-07-23,180.0,0,5,29,7,2022,196.0,188.0,222.42857142857142,212.57142857142858
2022-07-24,202.0,0,6,29,7,2022,180.0,225.0,219.14285714285714,213.53571428571428
2022-07-25,227.0,0,0,30,7,2022,202.0,199.0,223.14285714285714,214.85714285714286
2022-07-26,227.0,0,1,30,7,2022,227.0,234.0,222.14285714285714,213.35714285714286
2022-07-27,340.0,1,2,30,7,2022,227.0,269.0,232.28571428571428,214.17857142857142
2022-07-28,238.0,0,3,30,7,2022,340.0,254.0,230.0,215.57142857142858
2022-07-29,182.0,0,4,30,7,2022,238.0,196.0,228.0,214.82142857142858
2022-07-30,165.0,0,5,30,7,2022,182.0,180.0,225.85714285714286,214.89285714285714
2022-07-31,251.0,1,6,30,7,2022,165.0,202.0,232.85714285714286,217.96428571428572
2022-08-01,255.0,1,0,31,8,2022,251.0,227.0,236.85714285714286,219.10714285714286
2022-08-02,231.0,0,1,31,8,2022,255.0,227.0,237.42857142857142,219.17857142857142
2022-08-03,232.0,0,2,31,8,2022,231.0,340.0,222.0,218.10714285714286
2022-08-04,197.0,0,3,31,8,2022,232.0,238.0,216.14285714285714,215.85714285714286
2022-08-05,224.0,0,4,31,8,2022,197.0,182.0,222.14285714285714,217.25
2022-08-06,242.0,1,5,31,8,2022,224.0,165.0,233.14285714285714,219.28571428571428
2022-08-07,149.0,0,6,31,8,2022,242.0,251.0,218.57142857142858,218.96428571428572
2022-08-08,215.0,0,0,32,8,2022,149.0,255.0,212.85714285714286,220.14285714285714
2022-08-09,247.0,0,1,32,8,2022,215.0,231.0,215.14285714285714,220.35714285714286
2022-08-10,249.0,0,2,32,8,2022,247.0,232.0,217.57142857142858,220.92857142857142
2022-08-11,261.0,1,3,32,8,2022,249.0,197.0,226.71428571428572,223.60714285714286
2022-08-12,211.0,0,4,32,8,2022,261.0,224.0,224.85714285714286,224.64285714285714
2022-08-13,213.0,0,5,32,8,2022,211.0,242.0,220.71428571428572,225.53571428571428
2022-08-14,199.0,0,6,32,8,2022,213.0,149.0,227.85714285714286,224.60714285714286
2022-08-15,225.0,0,0,33,8,2022,199.0,215.0,229.28571428571428,225.53571428571428
2022-08-16,256.0,0,1,33,8,2022,225.0,247.0,230.57142857142858,226.32142857142858
2022-08-17,239.0,0,2,33,8,2022,256.0,249.0,229.14285714285714,225.25
2022-08-18,215.0,0,3,33,8,2022,239.0,261.0,222.57142857142858,223.85714285714286
2022-08-19,190.0,0,4,33,8,2022,215.0,211.0,219.57142857142858,223.64285714285714
2022-08-20,202.0,0,5,33,8,2022,190.0,213.0,218.0,224.42857142857142
2022-08-21,205.0,0,6,33,8,2022,202.0,199.0,218.85714285714286,224.53571428571428
2022-08-22,203.0,0,0,34,8,2022,205.0,225.0,215.71428571428572,223.67857142857142
2022-08-23,202.0,0,1,34,8,2022,203.0,256.0,208.0,222.78571428571428
2022-08-24,278.0,1,2,34,8,2022,202.0,239.0,213.57142857142858,220.57142857142858
2022-08-25,213.0,0,3,34,8,2022,278.0,215.0,213.28571428571428,219.67857142857142
2022-08-26,194.0,0,4,34,8,2022,213.0,190.0,213.85714285714286,220.10714285714286
2022-08-27,193.0,0,5,34,8,2022,194.0,202.0,212.57142857142858,221.10714285714286
2022-08-28,221.0,0,6,34,8,2022,193.0,205.0,214.85714285714286,220.03571428571428
2022-08-29,191.0,0,0,35,8,2022,221.0,203.0,213.14285714285714,217.75
2022-08-30,262.0,0,1,35,8,2022,191.0,202.0,221.71428571428572,218.85714285714286
2022-08-31,251.0,0,2,35,8,2022,262.0,278.0,217.85714285714286,219.53571428571428
2022-09-01,213.0,0,3,35,9,2022,251.0,213.0,217.85714285714286,220.10714285714286
2022-09-02,247.0,1,4,35,9,2022,213.0,194.0,225.42857142857142,220.92857142857142
2022-09-03,171.0,0,5,35,9,2022,247.0,193.0,222.28571428571428,218.39285714285714
2022-09-04,180.0,0,6,35,9,2022,171.0,221.0,216.42857142857142,219.5
2022-09-05,284.0,1,0,36,9,2022,180.0,191.0,229.71428571428572,221.96428571428572
2022-09-06,204.0,0,1,36,9,2022,284.0,262.0,221.42857142857142,220.42857142857142
2022-09-07,241.0,0,2,36,9,2022,204.0,251.0,220.0,220.14285714285714
2022-09-08,236.0,0,3,36,9,2022,241.0,213.0,223.28571428571428,219.25
2022-09-09,209.0,0,4,36,9,2022,236.0,247.0,217.85714285714286,219.17857142857142
2022-09-10,185.0,0,5,36,9,2022,209.0,171.0,219.85714285714286,218.17857142857142
2022-09-11,216.0,0,6,36,9,2022,185.0,180.0,225.0,218.78571428571428
2022-09-12,233.0,0,0,37,9,2022,216.0,284.0,217.71428571428572,219.07142857142858
2022-09-13,237.0,0,1,37,9,2022,233.0,204.0,222.42857142857142,218.39285714285714
2022-09-14,243.0,0,2,37,9,2022,237.0,241.0,222.71428571428572,218.53571428571428
2022-09-15,268.0,1,3,37,9,2022,243.0,236.0,227.28571428571428,220.42857142857142
2022-09-16,202.0,0,4,37,9,2022,268.0,209.0,226.28571428571428,220.85714285714286
2022-09-17,200.0,0,5,37,9,2022,202.0,185.0,228.42857142857142,220.78571428571428
2022-09-18,179.0,0,6,37,9,2022,200.0,216.0,223.14285714285714,219.85714285714286
2022-09-19,222.0,0,0,38,9,2022,179.0,233.0,221.57142857142858,220.53571428571428
2022-09-20,217.0,0,1,38,9,2022,222.0,237.0,218.71428571428572,221.07142857142858
2022-09-21,254.0,0,2,38,9,2022,217.0,243.0,220.28571428571428,220.21428571428572
2022-09-22,198.0,0,3,38,9,2022,254.0,268.0,210.28571428571428,219.67857142857142
2022-09-23,209.0,0,4,38,9,2022,198.0,202.0,211.28571428571428,220.21428571428572
2022-09-24,192.0,0,5,38,9,2022,209.0,200.0,210.14285714285714,220.17857142857142
2022-09-25,187.0,0,6,38,9,2022,192.0,179.0,211.28571428571428,218.96428571428572
2022-09-26,237.0,0,0,39,9,2022,187.0,222.0,213.42857142857142,220.60714285714286
2022-09-27,235.0,0,1,39,9,2022,237.0,217.0,216.0,219.64285714285714
2022-09-28,218.0,0,2,39,9,2022,235.0,254.0,210.85714285714286,218.46428571428572
2022-09-29,258.0,0,3,39,9,2022,218.0,198.0,219.42857142857142,220.07142857142858
2022-09-30,173.0,0,4,39,9,2022,258.0,209.0,214.28571428571428,217.42857142857142
2022-10-01,193.0,0,5,39,10,2022,173.0,192.0,214.42857142857142,218.21428571428572
2022-10-02,183.0,0,6,39,10,2022,193.0,187.0,213.85714285714286,218.32142857142858
2022-10-03,198.0,0,0,40,10,2022,183.0,237.0,208.28571428571428,215.25
2022-10-04,225.0,0,1,40,10,2022,198.0,235.0,206.85714285714286,216.0
2022-10-05,309.0,1,2,40,10,2022,225.0,218.0,219.85714285714286,218.42857142857142
2022-10-06,201.0,0,3,40,10,2022,309.0,258.0,211.71428571428572,217.17857142857142
2022-10-07,206.0,0,4,40,10,2022,201.0,173.0,216.42857142857142,217.07142857142858
2022-10-08,199.0,1,5,40,10,2022,206.0,193.0,217.28571428571428,217.57142857142858
2022-10-09,201.0,0,6,40,10,2022,199.0,183.0,219.85714285714286,217.03571428571428
2022-10-10,166.0,0,0,41,10,2022,201.0,198.0,215.28571428571428,214.64285714285714
2022-10-11,231.0,0,1,41,10,2022,166.0,225.0,216.14285714285714,214.42857142857142
2022-10-12,206.0,0,2,41,10,2022,231.0,309.0,201.42857142857142,213.10714285714286
2022-10-13,216.0,0,3,41,10,2022,206.0,201.0,203.57142857142858,211.25
2022-10-14,288.0,1,4,41,10,2022,216.0,206.0,215.28571428571428,214.32142857142858
2022-10-15,213.0,0,5,41,10,2022,288.0,199.0,217.28571428571428,214.78571428571428
2022-10-16,215.0,0,6,41,10,2022,213.0,201.0,219.28571428571428,216.07142857142858
2022-10-17,176.0,0,0,42,10,2022,215.0,166.0,220.71428571428572,214.42857142857142
2022-10-18,262.0,0,1,42,10,2022,176.0,231.0,225.14285714285714,216.03571428571428
2022-10-19,265.0,1,2,42,10,2022,262.0,206.0,233.57142857142858,216.42857142857142
2022-10-20,247.0,0,3,42,10,2022,265.0,216.0,238.0,218.17857142857142
2022-10-21,207.0,0,4,42,10,2022,247.0,288.0,226.42857142857142,218.10714285714286
2022-10-22,240.0,1,5,42,10,2022,207.0,213.0,230.28571428571428,219.82142857142858
2022-10-23,201.0,0,6,42,10,2022,240.0,215.0,228.28571428571428,220.32142857142858
2022-10-24,208.0,0,0,43,10,2022,201.0,176.0,232.85714285714286,219.28571428571428
2022-10-25,274.0,0,1,43,10,2022,208.0,262.0,234.57142857142858,220.67857142857142
2022-10-26,214.0,0,2,43,10,2022,274.0,265.0,227.28571428571428,220.53571428571428
2022-10-27,230.0,0,3,43,10,2022,214.0,247.0,224.85714285714286,219.53571428571428
2022-10-28,188.0,0,4,43,10,2022,230.0,207.0,222.14285714285714,220.07142857142858
2022-10-29,166.0,0,5,43,10,2022,188.0,240.0,211.57142857142858,219.10714285714286
2022-10-30,189.0,0,6,43,10,2022,166.0,201.0,209.85714285714286,219.32142857142858
2022-10-31,189.0,0,0,44,10,2022,189.0,208.0,207.14285714285714,219.0
2022-11-01,208.0,0,1,44,11,2022,189.0,274.0,197.71428571428572,218.39285714285714
2022-11-02,252.0,0,2,44,11,2022,208.0,214.0,203.14285714285714,216.35714285714286
2022-11-03,290.0,1,3,44,11,2022,252.0,230.0,211.71428571428572,219.53571428571428
2022-11-04,202.0,0,4,44,11,2022,290.0,188.0,213.71428571428572,219.39285714285714
2022-11-05,171.0,0,5,44,11,2022,202.0,166.0,214.42857142857142,218.39285714285714
2022-11-06,187.0,0,6,44,11,2022,171.0,189.0,214.14285714285714,217.89285714285714
2022-11-07,200.0,0,0,45,11,2022,187.0,189.0,215.71428571428572,219.10714285714286
2022-11-08,293.0,1,1,45,11,2022,200.0,208.0,227.85714285714286,221.32142857142858
2022-11-09,253.0,0,2,45,11,2022,293.0,252.0,228.0,223.0
2022-11-10,229.0,0,3,45,11,2022,253.0,290.0,219.28571428571428,223.46428571428572
2022-11-11,208.0,0,4,45,11,2022,229.0,202.0,220.14285714285714,220.60714285714286
2022-11-12,249.0,1,5,45,11,2022,208.0,171.0,231.28571428571428,221.89285714285714
2022-11-13,243.0,1,6,45,11,2022,249.0,187.0,239.28571428571428,222.89285714285714
2022-11-14,221.0,0,0,46,11,2022,243.0,200.0,242.28571428571428,224.5
2022-11-15,256.0,0,1,46,11,2022,221.0,293.0,237.0,224.28571428571428
2022-11-16,244.0,0,2,46,11,2022,256.0,253.0,235.71428571428572,223.53571428571428
2022-11-17,230.0,0,3,46,11,2022,244.0,229.0,235.85714285714286,222.92857142857142
2022-11-18,196.0,0,4,46,11,2022,230.0,208.0,234.14285714285714,222.53571428571428
2022-11-19,214.0,1,5,46,11,2022,196.0,249.0,229.14285714285714,221.60714285714286
2022-11-20,175.0,0,6,46,11,2022,214.0,243.0,219.42857142857142,220.67857142857142
2022-11-21,199.0,0,0,47,11,2022,175.0,221.0,216.28571428571428,220.35714285714286
2022-11-22,258.0,0,1,47,11,2022,199.0,256.0,216.57142857142858,219.78571428571428
2022-11-23,275.0,0,2,47,11,2022,258.0,244.0,221.0,221.96428571428572
2022-11-24,242.0,0,3,47,11,2022,275.0,230.0,222.71428571428572,222.39285714285714
2022-11-25,257.0,1,4,47,11,2022,242.0,196.0,231.42857142857142,224.85714285714286
2022-11-26,217.0,1,5,47,11,2022,257.0,214.0,231.85714285714286,226.67857142857142
2022-11-27,195.0,0,6,47,11,2022,217.0,175.0,234.71428571428572,226.89285714285714
2022-11-28,188.0,0,0,48,11,2022,195.0,199.0,233.14285714285714,226.85714285714286
2022-11-29,240.0,0,1,48,11,2022,188.0,258.0,230.57142857142858,228.0
2022-11-30,254.0,0,2,48,11,2022,240.0,275.0,227.57142857142858,228.07142857142858
2022-12-01,264.0,0,3,48,12,2022,254.0,242.0,230.71428571428572,227.14285714285714
2022-12-02,184.0,0,4,48,12,2022,264.0,257.0,220.28571428571428,226.5
2022-12-03,202.0,0,5,48,12,2022,184.0,217.0,218.14285714285714,227.60714285714286
2022-12-04,232.0,0,6,48,12,2022,202.0,195.0,223.42857142857142,229.21428571428572
2022-12-05,242.0,0,0,49,12,2022,232.0,188.0,231.14285714285714,230.71428571428572
2022-12-06,222.0,0,1,49,12,2022,242.0,240.0,228.57142857142858,228.17857142857142
2022-12-07,266.0,0,2,49,12,2022,222.0,254.0,230.28571428571428,228.64285714285714
2022-12-08,218.0,0,3,49,12,2022,266.0,264.0,223.71428571428572,228.25
2022-12-09,198.0,0,4,49,12,2022,218.0,184.0,225.71428571428572,227.89285714285714
2022-12-10,190.0,0,5,49,12,2022,198.0,202.0,224.0,225.78571428571428
2022-12-11,201.0,0,6,49,12,2022,190.0,232.0,219.57142857142858,224.28571428571428
2022-12-12,252.0,1,0,50,12,2022,201.0,242.0,221.0,225.39285714285714
2022-12-13,245.0,0,1,50,12,2022,252.0,222.0,224.28571428571428,225.0
2022-12-14,262.0,0,2,50,12,2022,245.0,266.0,223.71428571428572,225.64285714285714
2022-12-15,232.0,0,3,50,12,2022,262.0,218.0,225.71428571428572,225.71428571428572
2022-12-16,207.0,0,4,50,12,2022,232.0,198.0,227.0,226.10714285714286
2022-12-17,167.0,0,5,50,12,2022,207.0,190.0,223.71428571428572,224.42857142857142
2022-12-18,262.0,1,6,50,12,2022,167.0,201.0,232.42857142857142,227.53571428571428
2022-12-19,282.0,1,0,51,12,2022,262.0,252.0,236.71428571428572,230.5
2022-12-20,223.0,0,1,51,12,2022,282.0,245.0,233.57142857142858,229.25
2022-12-21,245.0,0,2,51,12,2022,223.0,262.0,231.14285714285714,228.17857142857142
2022-12-22,212.0,0,3,51,12,2022,245.0,232.0,228.28571428571428,227.10714285714286
2022-12-23,184.0,0,4,51,12,2022,212.0,207.0,225.0,224.5
2022-12-24,151.0,0,5,51,12,2022,184.0,167.0,222.71428571428572,222.14285714285714
2022-12-25,193.0,0,6,51,12,2022,151.0,262.0,212.85714285714286,222.07142857142858
2022-12-26,224.0,0,0,52,12,2022,193.0,282.0,204.57142857142858,223.35714285714286
2022-12-27,292.0,1,1,52,12,2022,224.0,223.0,214.42857142857142,225.21428571428572
2022-12-28,267.0,0,2,52,12,2022,292.0,245.0,217.57142857142858,225.67857142857142
2022-12-29,214.0,0,3,52,12,2022,267.0,212.0,217.85714285714286,223.89285714285714
2022-12-30,187.0,0,4,52,12,2022,214.0,184.0,218.28571428571428,224.0
2022-12-31,184.0,0,5,52,12,2022,187.0,151.0,223.0,223.35714285714286
2023-01-01,216.0,0,6,52,1,2023,184.0,193.0,226.28571428571428,222.78571428571428
2023-01-02,213.0,0,0,1,1,2023,216.0,224.0,224.71428571428572,221.75
2023-01-03,222.0,0,1,1,1,2023,213.0,292.0,214.71428571428572,221.75
2023-01-04,311.0,1,2,1,1,2023,222.0,267.0,221.0,223.35714285714286
2023-01-05,244.0,0,3,1,1,2023,311.0,214.0,225.28571428571428,224.28571428571428
2023-01-06,215.0,0,4,1,1,2023,244.0,187.0,229.28571428571428,224.89285714285714
2023-01-07,231.0,1,5,1,1,2023,215.0,184.0,236.0,226.35714285714286
2023-01-08,214.0,0,6,1,1,2023,231.0,216.0,235.71428571428572,226.82142857142858
2023-01-09,216.0,0,0,2,1,2023,214.0,213.0,236.14285714285714,225.53571428571428
2023-01-10,338.0,1,1,2,1,2023,216.0,222.0,252.71428571428572,228.85714285714286
2023-01-11,317.0,1,2,2,1,2023,338.0,311.0,253.57142857142858,230.82142857142858
2023-01-12,260.0,0,3,2,1,2023,317.0,244.0,255.85714285714286,231.82142857142858
2023-01-13,210.0,0,4,2,1,2023,260.0,215.0,255.14285714285714,231.92857142857142
2023-01-14,167.0,0,5,2,1,2023,210.0,231.0,246.0,231.92857142857142
2023-01-15,218.0,0,6,2,1,2023,167.0,214.0,246.57142857142858,230.35714285714286
2023-01-16,225.0,0,0,3,1,2023,218.0,216.0,247.85714285714286,228.32142857142858
2023-01-17,255.0,0,1,3,1,2023,225.0,338.0,236.0,229.46428571428572
2023-01-18,261.0,0,2,3,1,2023,255.0,317.0,228.0,230.03571428571428
2023-01-19,237.0,0,3,3,1,2023,261.0,260.0,224.71428571428572,230.92857142857142
2023-01-20,217.0,0,4,3,1,2023,237.0,210.0,225.71428571428572,232.10714285714286
2023-01-21,205.0,0,5,3,1,2023,217.0,167.0,231.14285714285714,234.03571428571428
2023-01-22,225.0,0,6,3,1,2023,205.0,218.0,232.14285714285714,235.17857142857142
2023-01-23,218.0,0,0,4,1,2023,225.0,225.0,231.14285714285714,234.96428571428572
2023-01-24,206.0,0,1,4,1,2023,218.0,255.0,224.14285714285714,231.89285714285714
2023-01-25,276.0,0,2,4,1,2023,206.0,261.0,226.28571428571428,232.21428571428572
2023-01-26,192.0,0,3,4,1,2023,276.0,237.0,219.85714285714286,231.42857142857142
2023-01-27,169.0,0,4,4,1,2023,192.0,217.0,213.0,230.78571428571428
2023-01-28,169.0,0,5,4,1,2023,169.0,205.0,207.85714285714286,230.25
2023-01-29,215.0,0,6,4,1,2023,169.0,225.0,206.42857142857142,230.21428571428572
2023-01-30,234.0,0,0,5,1,2023,215.0,218.0,208.71428571428572,230.96428571428572
2023-01-31,220.0,0,1,5,1,2023,234.0,206.0,210.71428571428572,230.89285714285714
2023-02-01,260.0,0,2,5,2,2023,220.0,276.0,208.42857142857142,229.07142857142858
2023-02-02,218.0,0,3,5,2,2023,260.0,192.0,212.14285714285714,228.14285714285714
2023-02-03,186.0,0,4,5,2,2023,218.0,169.0,214.57142857142858,227.10714285714286
2023-02-04,224.0,1,5,5,2,2023,186.0,169.0,222.42857142857142,226.85714285714286
2023-02-05,191.0,0,6,5,2,2023,224.0,215.0,219.0,226.03571428571428
2023-02-06,190.0,0,0,6,2,2023,191.0,234.0,212.71428571428572,225.10714285714286
2023-02-07,245.0,0,1,6,2,2023,190.0,220.0,216.28571428571428,221.78571428571428
2023-02-08,278.0,1,2,6,2,2023,245.0,260.0,218.85714285714286,220.39285714285714
2023-02-09,280.0,1,3,6,2,2023,278.0,218.0,227.71428571428572,221.10714285714286
2023-02-10,194.0,0,4,6,2,2023,280.0,186.0,228.85714285714286,220.53571428571428
2023-02-11,188.0,0,5,6,2,2023,194.0,224.0,223.71428571428572,221.28571428571428
2023-02-12,198.0,0,6,6,2,2023,188.0,191.0,224.71428571428572,220.57142857142858
2023-02-13,217.0,0,0,7,2,2023,198.0,190.0,228.57142857142858,220.28571428571428
2023-02-14,275.0,1,1,7,2,2023,217.0,245.0,232.85714285714286,221.0
2023-02-15,229.0,0,2,7,2,2023,275.0,278.0,225.85714285714286,219.85714285714286
2023-02-16,222.0,0,3,7,2,2023,229.0,280.0,217.57142857142858,219.32142857142858
2023-02-17,214.0,0,4,7,2,2023,222.0,194.0,220.42857142857142,219.21428571428572
2023-02-18,225.0,0,5,7,2,2023,214.0,188.0,225.71428571428572,219.92857142857142
2023-02-19,213.0,0,6,7,2,2023,225.0,198.0,227.85714285714286,219.5
2023-02-20,262.0,0,0,8,2,2023,213.0,217.0,234.28571428571428,221.07142857142858
2023-02-21,250.0,0,1,8,2,2023,262.0,275.0,230.71428571428572,222.64285714285714
2023-02-22,245.0,0,2,8,2,2023,250.0,229.0,233.0,221.53571428571428
2023-02-23,215.0,0,3,8,2,2023,245.0,222.0,232.0,222.35714285714286
2023-02-24,190.0,0,4,8,2,2023,215.0,214.0,228.57142857142858,223.10714285714286
2023-02-25,197.0,0,5,8,2,2023,190.0,225.0,224.57142857142858,224.10714285714286
2023-02-26,209.0,0,6,8,2,2023,197.0,213.0,224.0,223.89285714285714
2023-02-27,232.0,0,0,9,2,2023,209.0,262.0,219.71428571428572,223.82142857142858
2023-02-28,217.0,0,1,9,2,2023,232.0,250.0,215.0,223.71428571428572
2023-03-01,246.0,0,2,9,3,2023,217.0,245.0,215.14285714285714,223.21428571428572
2023-03-02,218.0,0,3,9,3,2023,246.0,215.0,215.57142857142858,223.21428571428572
2023-03-03,240.0,0,4,9,3,2023,218.0,190.0,222.71428571428572,225.14285714285714
2023-03-04,207.0,0,5,9,3,2023,240.0,197.0,224.14285714285714,224.53571428571428
2023-03-05,233.0,0,6,9,3,2023,207.0,209.0,227.57142857142858,226.03571428571428
2023-03-06,190.0,0,0,10,3,2023,233.0,232.0,221.57142857142858,226.03571428571428
2023-03-07,257.0,0,1,10,3,2023,190.0,217.0,227.28571428571428,226.46428571428572
2023-03-08,234.0,0,2,10,3,2023,257.0,246.0,225.57142857142858,224.89285714285714
2023-03-09,208.0,0,3,10,3,2023,234.0,218.0,224.14285714285714,222.32142857142858
2023-03-10,202.0,0,4,10,3,2023,208.0,240.0,218.71428571428572,222.60714285714286
2023-03-11,164.0,0,5,10,3,2023,202.0,207.0,212.57142857142858,221.75
2023-03-12,197.0,0,6,10,3,2023,164.0,233.0,207.42857142857142,221.71428571428572
2023-03-13,287.0,1,0,11,3,2023,197.0,190.0,221.28571428571428,224.21428571428572
2023-03-14,237.0,0,1,11,3,2023,287.0,257.0,218.42857142857142,222.85714285714286
2023-03-15,310.0,1,2,11,3,2023,237.0,234.0,229.28571428571428,225.75
2023-03-16,268.0,1,3,11,3,2023,310.0,208.0,237.85714285714286,227.39285714285714
2023-03-17,256.0,1,4,11,3,2023,268.0,202.0,245.57142857142858,228.89285714285714
2023-03-18,176.0,0,5,11,3,2023,256.0,164.0,247.28571428571428,227.14285714285714
2023-03-19,183.0,0,6,11,3,2023,176.0,197.0,245.28571428571428,226.07142857142858
2023-03-20,208.0,0,0,12,3,2023,183.0,287.0,234.0,224.14285714285714
2023-03-21,232.0,0,1,12,3,2023,208.0,237.0,233.28571428571428,223.5
2023-03-22,254.0,0,2,12,3,2023,232.0,310.0,225.28571428571428,223.82142857142858
2023-03-23,283.0,0,3,12,3,2023,254.0,268.0,227.42857142857142,226.25
2023-03-24,208.0,0,4,12,3,2023,283.0,256.0,220.57142857142858,226.89285714285714
2023-03-25,165.0,0,5,12,3,2023,208.0,176.0,219.0,225.75
2023-03-26,184.0,0,6,12,3,2023,165.0,183.0,219.14285714285714,224.85714285714286
2023-03-27,212.0,0,0,13,3,2023,184.0,208.0,219.71428571428572,224.14285714285714
2023-03-28,204.0,0,1,13,3,2023,212.0,232.0,215.71428571428572,223.67857142857142
2023-03-29,241.0,0,2,13,3,2023,204.0,254.0,213.85714285714286,223.5
2023-03-30,232.0,0,3,13,3,2023,241.0,283.0,206.57142857142858,224.0
2023-03-31,197.0,0,4,13,3,2023,232.0,208.0,205.0,222.46428571428572
2023-04-01,204.0,0,5,13,4,2023,197.0,165.0,210.57142857142858,222.35714285714286
2023-04-02,243.0,1,6,13,4,2023,204.0,184.0,219.0,222.71428571428572
2023-04-03,289.0,1,0,14,4,2023,243.0,212.0,230.0,226.25
2023-04-04,299.0,1,1,14,4,2023,289.0,204.0,243.57142857142858,227.75
2023-04-05,287.0,1,2,14,4,2023,299.0,241.0,250.14285714285714,229.64285714285714
2023-04-06,217.0,0,3,14,4,2023,287.0,232.0,248.0,229.96428571428572
2023-04-07,197.0,0,4,14,4,2023,217.0,197.0,248.0,229.78571428571428
2023-04-08,179.0,0,5,14,4,2023,197.0,204.0,244.42857142857142,230.32142857142858
2023-04-09,195.0,0,6,14,4,2023,179.0,243.0,237.57142857142858,230.25
2023-04-10,207.0,0,0,15,4,2023,195.0,289.0,225.85714285714286,227.39285714285714
2023-04-11,234.0,0,1,15,4,2023,207.0,299.0,216.57142857142858,227.28571428571428
2023-04-12,276.0,1,2,15,4,2023,234.0,287.0,215.0,226.07142857142858
2023-04-13,242.0,0,3,15,4,2023,276.0,217.0,218.57142857142858,225.14285714285714
2023-04-14,271.0,1,4,15,4,2023,242.0,197.0,229.14285714285714,225.67857142857142
2023-04-15,212.0,0,5,15,4,2023,271.0,179.0,233.85714285714286,226.96428571428572
2023-04-16,249.0,1,6,15,4,2023,212.0,195.0,241.57142857142858,229.32142857142858
2023-04-17,208.0,0,0,16,4,2023,249.0,207.0,241.71428571428572,229.32142857142858
2023-04-18,223.0,0,1,16,4,2023,208.0,234.0,240.14285714285714,229.0
2023-04-19,256.0,0,2,16,4,2023,223.0,276.0,237.28571428571428,229.07142857142858
2023-04-20,256.0,0,3,16,4,2023,256.0,242.0,239.28571428571428,228.10714285714286
2023-04-21,204.0,0,4,16,4,2023,256.0,271.0,229.71428571428572,227.96428571428572
2023-04-22,233.0,0,5,16,4,2023,204.0,212.0,232.71428571428572,230.39285714285714
2023-04-23,229.0,0,6,16,4,2023,233.0,249.0,229.85714285714286,232.0
2023-04-24,303.0,1,0,17,4,2023,229.0,208.0,243.42857142857142,235.25
2023-04-25,248.0,0,1,17,4,2023,303.0,223.0,247.0,236.82142857142858
2023-04-26,320.0,1,2,17,4,2023,248.0,256.0,256.14285714285717,239.64285714285714
2023-04-27,270.0,0,3,17,4,2023,320.0,256.0,258.14285714285717,241.0
2023-04-28,191.0,0,4,17,4,2023,270.0,204.0,256.2857142857143,240.78571428571428
2023-04-29,163.0,0,5,17,4,2023,191.0,233.0,246.28571428571428,239.32142857142858
2023-04-30,239.0,1,6,17,4,2023,163.0,229.0,247.71428571428572,239.17857142857142
2023-05-01,209.0,0,0,18,5,2023,239.0,303.0,234.28571428571428,236.32142857142858
2023-05-02,244.0,0,1,18,5,2023,209.0,248.0,233.71428571428572,234.35714285714286
2023-05-03,222.0,0,2,18,5,2023,244.0,320.0,219.71428571428572,232.03571428571428
2023-05-04,265.0,0,3,18,5,2023,222.0,270.0,219.0,233.75
2023-05-05,205.0,0,4,18,5,2023,265.0,191.0,221.0,234.03571428571428
2023-05-06,201.0,0,5,18,5,2023,205.0,163.0,226.42857142857142,234.82142857142858
2023-05-07,178.0,0,6,18,5,2023,201.0,239.0,217.71428571428572,234.21428571428572
2023-05-08,204.0,0,0,19,5,2023,178.0,209.0,217.0,234.10714285714286
2023-05-09,242.0,0,1,19,5,2023,204.0,244.0,216.71428571428572,234.39285714285714
2023-05-10,245.0,0,2,19,5,2023,242.0,222.0,220.0,233.28571428571428
2023-05-11,240.0,0,3,19,5,2023,245.0,265.0,216.42857142857142,233.21428571428572
2023-05-12,230.0,0,4,19,5,2023,240.0,205.0,220.0,231.75
2023-05-13,187.0,0,5,19,5,2023,230.0,201.0,218.0,230.85714285714286
2023-05-14,271.0,1,6,19,5,2023,187.0,178.0,231.28571428571428,231.64285714285714
2023-05-15,268.0,0,0,20,5,2023,271.0,204.0,240.42857142857142,233.78571428571428
2023-05-16,241.0,0,1,20,5,2023,268.0,242.0,240.28571428571428,234.42857142857142
2023-05-17,244.0,0,2,20,5,2023,241.0,245.0,240.14285714285714,234.0
2023-05-18,238.0,0,3,20,5,2023,244.0,240.0,239.85714285714286,233.35714285714286
2023-05-19,193.0,0,4,20,5,2023,238.0,230.0,234.57142857142858,232.96428571428572
2023-05-20,218.0,0,5,20,5,2023,193.0,187.0,239.0,232.42857142857142
2023-05-21,292.0,1,6,20,5,2023,218.0,271.0,242.0,234.67857142857142
2023-05-22,238.0,0,0,21,5,2023,292.0,268.0,237.71428571428572,232.35714285714286
2023-05-23,242.0,0,1,21,5,2023,238.0,241.0,237.85714285714286,232.14285714285714
2023-05-24,251.0,0,2,21,5,2023,242.0,244.0,238.85714285714286,229.67857142857142
2023-05-25,222.0,0,3,21,5,2023,251.0,238.0,236.57142857142858,227.96428571428572
2023-05-26,250.0,0,4,21,5,2023,222.0,193.0,244.71428571428572,230.07142857142858
2023-05-27,230.0,1,5,21,5,2023,250.0,218.0,246.42857142857142,232.46428571428572
2023-05-28,225.0,0,6,21,5,2023,230.0,292.0,236.85714285714286,231.96428571428572
2023-05-29,217.0,0,0,22,5,2023,225.0,238.0,233.85714285714286,232.25
2023-05-30,328.0,1,1,22,5,2023,217.0,242.0,246.14285714285714,235.25
2023-05-31,308.0,1,2,22,5,2023,328.0,251.0,254.28571428571428,238.32142857142858
2023-06-01,298.0,1,3,22,6,2023,308.0,222.0,265.14285714285717,239.5
2023-06-02,199.0,0,4,22,6,2023,298.0,250.0,257.85714285714283,239.28571428571428
2023-06-03,173.0,0,5,22,6,2023,199.0,230.0,249.71428571428572,238.28571428571428
2023-06-04,211.0,0,6,22,6,2023,173.0,225.0,247.71428571428572,239.46428571428572
2023-06-05,190.0,0,0,23,6,2023,211.0,217.0,243.85714285714286,238.96428571428572
2023-06-06,255.0,0,1,23,6,2023,190.0,328.0,233.42857142857142,239.42857142857142
2023-06-07,251.0,0,2,23,6,2023,255.0,308.0,225.28571428571428,239.64285714285714
2023-06-08,234.0,0,3,23,6,2023,251.0,298.0,216.14285714285714,239.42857142857142
2023-06-09,232.0,0,4,23,6,2023,234.0,199.0,220.85714285714286,239.5
2023-06-10,222.0,0,5,23,6,2023,232.0,173.0,227.85714285714286,240.75
2023-06-11,193.0,0,6,23,6,2023,222.0,211.0,225.28571428571428,237.96428571428572
2023-06-12,240.0,0,0,24,6,2023,193.0,190.0,232.42857142857142,236.96428571428572
2023-06-13,223.0,0,1,24,6,2023,240.0,255.0,227.85714285714286,236.32142857142858
2023-06-14,252.0,0,2,24,6,2023,223.0,251.0,228.0,236.60714285714286
2023-06-15,246.0,0,3,24,6,2023,252.0,234.0,229.71428571428572,236.89285714285714
2023-06-16,215.0,0,4,24,6,2023,246.0,232.0,227.28571428571428,237.67857142857142
2023-06-17,252.0,1,5,24,6,2023,215.0,222.0,231.57142857142858,238.89285714285714
2023-06-18,213.0,0,6,24,6,2023,252.0,193.0,234.42857142857142,236.07142857142858
2023-06-19,195.0,0,0,25,6,2023,213.0,240.0,228.0,234.53571428571428
2023-06-20,225.0,0,1,25,6,2023,195.0,223.0,228.28571428571428,233.92857142857142
2023-06-21,262.0,0,2,25,6,2023,225.0,252.0,229.71428571428572,234.32142857142858
2023-06-22,246.0,0,3,25,6,2023,262.0,246.0,229.71428571428572,235.17857142857142
2023-06-23,226.0,0,4,25,6,2023,246.0,215.0,231.28571428571428,234.32142857142858
2023-06-24,241.0,0,5,25,6,2023,226.0,252.0,229.71428571428572,234.71428571428572
2023-06-25,261.0,1,6,25,6,2023,241.0,213.0,236.57142857142858,236.0
2023-06-26,256.0,0,0,26,6,2023,261.0,195.0,245.28571428571428,237.39285714285714
2023-06-27,260.0,0,1,26,6,2023,256.0,225.0,250.28571428571428,234.96428571428572
2023-06-28,249.0,0,2,26,6,2023,260.0,262.0,248.42857142857142,232.85714285714286
2023-06-29,237.0,0,3,26,6,2023,249.0,246.0,247.14285714285714,230.67857142857142
2023-06-30,202.0,0,4,26,6,2023,237.0,226.0,243.71428571428572,230.78571428571428
2023-07-01,204.0,0,5,26,7,2023,202.0,241.0,238.42857142857142,231.89285714285714
2023-07-02,187.0,0,6,26,7,2023,204.0,261.0,227.85714285714286,231.03571428571428
2023-07-03,188.0,0,0,27,7,2023,187.0,256.0,218.14285714285714,230.96428571428572
2023-07-04,235.0,0,1,27,7,2023,188.0,260.0,214.57142857142858,230.25
2023-07-05,237.0,0,2,27,7,2023,235.0,249.0,212.85714285714286,229.75
2023-07-06,245.0,0,3,27,7,2023,237.0,237.0,214.0,230.14285714285714
2023-07-07,235.0,0,4,27,7,2023,245.0,202.0,218.71428571428572,230.25
2023-07-08,153.0,0,5,27,7,2023,235.0,204.0,211.42857142857142,227.78571428571428
2023-07-09,183.0,0,6,27,7,2023,153.0,187.0,210.85714285714286,227.42857142857142
2023-07-10,261.0,0,0,28,7,2023,183.0,188.0,221.28571428571428,228.17857142857142
2023-07-11,261.0,0,1,28,7,2023,261.0,235.0,225.0,229.53571428571428
2023-07-12,240.0,0,2,28,7,2023,261.0,237.0,225.42857142857142,229.10714285714286
2023-07-13,328.0,1,3,28,7,2023,240.0,245.0,237.28571428571428,232.03571428571428
2023-07-14,198.0,0,4,28,7,2023,328.0,235.0,232.0,231.42857142857142
2023-07-15,221.0,0,5,28,7,2023,198.0,153.0,241.71428571428572,230.32142857142858
2023-07-16,201.0,0,6,28,7,2023,221.0,183.0,244.28571428571428,229.89285714285714
2023-07-17,240.0,0,0,29,7,2023,201.0,261.0,241.28571428571428,231.5
2023-07-18,306.0,1,1,29,7,2023,240.0,261.0,247.71428571428572,234.39285714285714
2023-07-19,238.0,0,2,29,7,2023,306.0,240.0,247.42857142857142,233.53571428571428
2023-07-20,205.0,0,3,29,7,2023,238.0,328.0,229.85714285714286,232.07142857142858
2023-07-21,260.0,1,4,29,7,2023,205.0,198.0,238.71428571428572,233.28571428571428
2023-07-22,188.0,0,5,29,7,2023,260.0,221.0,234.0,231.39285714285714
2023-07-23,169.0,0,6,29,7,2023,188.0,201.0,229.42857142857142,228.10714285714286
2023-07-24,288.0,1,0,30,7,2023,169.0,240.0,236.28571428571428,229.25
2023-07-25,239.0,0,1,30,7,2023,288.0,306.0,226.71428571428572,228.5
2023-07-26,254.0,0,2,30,7,2023,239.0,238.0,229.0,228.67857142857142
2023-07-27,218.0,0,3,30,7,2023,254.0,205.0,230.85714285714286,228.0
2023-07-28,283.0,1,4,30,7,2023,218.0,260.0,234.14285714285714,230.89285714285714
2023-07-29,198.0,0,5,30,7,2023,283.0,188.0,235.57142857142858,230.67857142857142
2023-07-30,208.0,0,6,30,7,2023,198.0,169.0,241.14285714285714,231.42857142857142
2023-07-31,197.0,0,0,31,7,2023,208.0,288.0,228.14285714285714,231.75
2023-08-01,206.0,0,1,31,8,2023,197.0,239.0,223.42857142857142,230.71428571428572
2023-08-02,258.0,0,2,31,8,2023,206.0,254.0,224.0,231.46428571428572
2023-08-03,243.0,0,3,31,8,2023,258.0,218.0,227.57142857142858,231.39285714285714
2023-08-04,179.0,0,4,31,8,2023,243.0,283.0,212.71428571428572,229.39285714285714
2023-08-05,170.0,0,5,31,8,2023,179.0,198.0,208.71428571428572,230.0
2023-08-06,186.0,0,6,31,8,2023,170.0,208.0,205.57142857142858,230.10714285714286
2023-08-07,208.0,0,0,32,8,2023,186.0,197.0,207.14285714285714,228.21428571428572
2023-08-08,253.0,0,1,32,8,2023,208.0,206.0,213.85714285714286,227.92857142857142
2023-08-09,286.0,1,2,32,8,2023,253.0,258.0,217.85714285714286,229.57142857142858
2023-08-10,225.0,0,3,32,8,2023,286.0,243.0,215.28571428571428,225.89285714285714
2023-08-11,214.0,0,4,32,8,2023,225.0,179.0,220.28571428571428,226.46428571428572
2023-08-12,183.0,0,5,32,8,2023,214.0,170.0,222.14285714285714,225.10714285714286
2023-08-13,177.0,0,6,32,8,2023,183.0,186.0,220.85714285714286,224.25
2023-08-14,254.0,0,0,33,8,2023,177.0,208.0,227.42857142857142,224.75
2023-08-15,262.0,0,1,33,8,2023,254.0,253.0,228.71428571428572,223.17857142857142
2023-08-16,255.0,0,2,33,8,2023,262.0,286.0,224.28571428571428,223.78571428571428
2023-08-17,267.0,0,3,33,8,2023,255.0,225.0,230.28571428571428,226.0
2023-08-18,253.0,0,4,33,8,2023,267.0,214.0,235.85714285714286,225.75
2023-08-19,198.0,0,5,33,8,2023,253.0,183.0,238.0,226.10714285714286
2023-08-20,193.0,0,6,33,8,2023,198.0,177.0,240.28571428571428,226.96428571428572
2023-08-21,216.0,0,0,34,8,2023,193.0,254.0,234.85714285714286,224.39285714285714
2023-08-22,279.0,0,1,34,8,2023,216.0,262.0,237.28571428571428,225.82142857142858
2023-08-23,245.0,0,2,34,8,2023,279.0,255.0,235.85714285714286,225.5
2023-08-24,255.0,1,3,34,8,2023,245.0,267.0,234.14285714285714,226.82142857142858
2023-08-25,283.0,1,4,34,8,2023,255.0,253.0,238.42857142857142,226.82142857142858
2023-08-26,202.0,0,5,34,8,2023,283.0,198.0,239.0,226.96428571428572
2023-08-27,227.0,0,6,34,8,2023,202.0,193.0,243.85714285714286,227.64285714285714
2023-08-28,222.0,0,0,35,8,2023,227.0,216.0,244.71428571428572,228.53571428571428
2023-08-29,240.0,0,1,35,8,2023,222.0,279.0,239.14285714285714,229.75
2023-08-30,246.0,0,2,35,8,2023,240.0,245.0,239.28571428571428,229.32142857142858
2023-08-31,286.0,0,3,35,8,2023,246.0,255.0,243.71428571428572,230.85714285714286
2023-09-01,208.0,0,4,35,9,2023,286.0,283.0,233.0,231.89285714285714
2023-09-02,217.0,0,5,35,9,2023,208.0,202.0,235.14285714285714,233.57142857142858
2023-09-03,201.0,0,6,35,9,2023,217.0,227.0,231.42857142857142,234.10714285714286
2023-09-04,226.0,0,0,36,9,2023,201.0,222.0,232.0,234.75
2023-09-05,274.0,0,1,36,9,2023,226.0,240.0,236.85714285714286,235.5
2023-09-06,301.0,1,2,36,9,2023,274.0,246.0,244.71428571428572,236.03571428571428
2023-09-07,252.0,0,3,36,9,2023,301.0,286.0,239.85714285714286,237.0
2023-09-08,155.0,0,4,36,9,2023,252.0,208.0,232.28571428571428,234.89285714285714
2023-09-09,219.0,0,5,36,9,2023,155.0,217.0,232.57142857142858,236.17857142857142
2023-09-10,199.0,0,6,36,9,2023,219.0,201.0,232.28571428571428,236.96428571428572
2023-09-11,244.0,0,0,37,9,2023,199.0,226.0,234.85714285714286,236.60714285714286
2023-09-12,278.0,0,1,37,9,2023,244.0,274.0,235.42857142857142,237.17857142857142
2023-09-13,228.0,0,2,37,9,2023,278.0,301.0,225.0,236.21428571428572
2023-09-14,258.0,0,3,37,9,2023,228.0,252.0,225.85714285714286,235.89285714285714
2023-09-15,228.0,0,4,37,9,2023,258.0,155.0,236.28571428571428,235.0
2023-09-16,211.0,0,5,37,9,2023,228.0,219.0,235.14285714285714,235.46428571428572
2023-09-17,206.0,0,6,37,9,2023,211.0,199.0,236.14285714285714,235.92857142857142
2023-09-18,248.0,0,0,38,9,2023,206.0,244.0,236.71428571428572,237.07142857142858
2023-09-19,269.0,0,1,38,9,2023,248.0,278.0,235.42857142857142,236.71428571428572
2023-09-20,251.0,0,2,38,9,2023,269.0,228.0,238.71428571428572,236.92857142857142
2023-09-21,200.0,0,3,38,9,2023,251.0,258.0,230.42857142857142,234.96428571428572
2023-09-22,214.0,0,4,38,9,2023,200.0,228.0,228.42857142857142,232.5
2023-09-23,182.0,0,5,38,9,2023,214.0,211.0,224.28571428571428,231.78571428571428
2023-09-24,183.0,0,6,38,9,2023,182.0,206.0,221.0,230.21428571428572
2023-09-25,210.0,0,0,39,9,2023,183.0,248.0,215.57142857142858,229.78571428571428
2023-09-26,272.0,0,1,39,9,2023,210.0,269.0,216.0,230.92857142857142
2023-09-27,283.0,0,2,39,9,2023,272.0,251.0,220.57142857142858,232.25
2023-09-28,242.0,0,3,39,9,2023,283.0,200.0,226.57142857142858,230.67857142857142
2023-09-29,240.0,0,4,39,9,2023,242.0,214.0,230.28571428571428,231.82142857142858
2023-09-30,290.0,1,5,39,9,2023,240.0,182.0,245.71428571428572,234.42857142857142
2023-10-01,213.0,0,6,39,10,2023,290.0,183.0,250.0,234.85714285714286
2023-10-02,315.0,1,0,40,10,2023,213.0,210.0,265.0,238.03571428571428
2023-10-03,204.0,0,1,40,10,2023,315.0,272.0,255.28571428571428,235.53571428571428
2023-10-04,271.0,0,2,40,10,2023,204.0,283.0,253.57142857142858,234.46428571428572
2023-10-05,267.0,0,3,40,10,2023,271.0,242.0,257.14285714285717,235.0
2023-10-06,255.0,0,4,40,10,2023,267.0,240.0,259.2857142857143,238.57142857142858
2023-10-07,203.0,0,5,40,10,2023,255.0,290.0,246.85714285714286,238.0
2023-10-08,200.0,0,6,40,10,2023,203.0,213.0,245.0,238.03571428571428
2023-10-09,275.0,1,0,41,10,2023,200.0,315.0,239.28571428571428,239.14285714285714
2023-10-10,234.0,0,1,41,10,2023,275.0,204.0,243.57142857142858,237.57142857142858
2023-10-11,256.0,0,2,41,10,2023,234.0,271.0,241.42857142857142,238.57142857142858
2023-10-12,248.0,0,3,41,10,2023,256.0,267.0,238.71428571428572,238.21428571428572
2023-10-13,221.0,0,4,41,10,2023,248.0,255.0,233.85714285714286,237.96428571428572
2023-10-14,194.0,0,5,41,10,2023,221.0,203.0,232.57142857142858,237.35714285714286
2023-10-15,192.0,0,6,41,10,2023,194.0,200.0,231.42857142857142,236.85714285714286
2023-10-16,254.0,0,0,42,10,2023,192.0,275.0,228.42857142857142,237.07142857142858
2023-10-17,253.0,0,1,42,10,2023,254.0,234.0,231.14285714285714,236.5
2023-10-18,264.0,0,2,42,10,2023,253.0,256.0,232.28571428571428,236.96428571428572
2023-10-19,288.0,0,3,42,10,2023,264.0,248.0,238.0,240.10714285714286
2023-10-20,209.0,0,4,42,10,2023,288.0,221.0,236.28571428571428,239.92857142857142
2023-10-21,227.0,0,5,42,10,2023,209.0,194.0,241.0,241.53571428571428
2023-10-22,211.0,0,6,42,10,2023,227.0,192.0,243.71428571428572,242.53571428571428
2023-10-23,226.0,0,0,43,10,2023,211.0,254.0,239.71428571428572,243.10714285714286
2023-10-24,230.0,0,1,43,10,2023,226.0,253.0,236.42857142857142,241.60714285714286
2023-10-25,319.0,1,2,43,10,2023,230.0,264.0,244.28571428571428,242.89285714285714
2023-10-26,257.0,0,3,43,10,2023,319.0,288.0,239.85714285714286,243.42857142857142
2023-10-27,229.0,0,4,43,10,2023,257.0,209.0,242.71428571428572,243.03571428571428
2023-10-28,168.0,0,5,43,10,2023,229.0,227.0,234.28571428571428,238.67857142857142
2023-10-29,183.0,0,6,43,10,2023,168.0,211.0,230.28571428571428,237.60714285714286
2023-10-30,246.0,0,0,44,10,2023,183.0,226.0,233.14285714285714,235.14285714285714
2023-10-31,253.0,0,1,44,10,2023,246.0,230.0,236.42857142857142,236.89285714285714
2023-11-01,251.0,0,2,44,11,2023,253.0,319.0,226.71428571428572,236.17857142857142
2023-11-02,228.0,0,3,44,11,2023,251.0,257.0,222.57142857142858,234.78571428571428
2023-11-03,230.0,0,4,44,11,2023,228.0,229.0,222.71428571428572,233.89285714285714
2023-11-04,161.0,0,5,44,11,2023,230.0,168.0,221.71428571428572,232.39285714285714
2023-11-05,228.0,0,6,44,11,2023,161.0,183.0,228.14285714285714,233.39285714285714
2023-11-06,207.0,0,0,45,11,2023,228.0,246.0,222.57142857142858,230.96428571428572
2023-11-07,257.0,0,1,45,11,2023,207.0,253.0,223.14285714285714,231.78571428571428
2023-11-08,262.0,0,2,45,11,2023,257.0,251.0,224.71428571428572,232.0
2023-11-09,288.0,1,3,45,11,2023,262.0,228.0,233.28571428571428,233.42857142857142
2023-11-10,171.0,0,4,45,11,2023,288.0,230.0,224.85714285714286,231.64285714285714
2023-11-11,228.0,0,5,45,11,2023,171.0,161.0,234.42857142857142,232.85714285714286
2023-11-12,189.0,0,6,45,11,2023,228.0,228.0,228.85714285714286,232.75
2023-11-13,248.0,0,0,46,11,2023,189.0,207.0,234.71428571428572,232.53571428571428
2023-11-14,257.0,0,1,46,11,2023,248.0,257.0,234.71428571428572,232.67857142857142
2023-11-15,268.0,0,2,46,11,2023,257.0,262.0,235.57142857142858,232.82142857142858
2023-11-16,254.0,1,3,46,11,2023,268.0,288.0,230.71428571428572,231.60714285714286
2023-11-17,217.0,0,4,46,11,2023,254.0,171.0,237.28571428571428,231.89285714285714
2023-11-18,231.0,0,5,46,11,2023,217.0,228.0,237.71428571428572,232.03571428571428
2023-11-19,226.0,1,6,46,11,2023,231.0,189.0,243.0,232.57142857142858
2023-11-20,287.0,0,0,47,11,2023,226.0,248.0,248.57142857142858,234.75
2023-11-21,288.0,1,1,47,11,2023,287.0,257.0,253.0,236.82142857142858
2023-11-22,281.0,1,2,47,11,2023,288.0,268.0,254.85714285714286,235.46428571428572
2023-11-23,242.0,0,3,47,11,2023,281.0,254.0,253.14285714285714,234.92857142857142
2023-11-24,234.0,0,4,47,11,2023,242.0,217.0,255.57142857142858,235.10714285714286
2023-11-25,219.0,0,5,47,11,2023,234.0,231.0,253.85714285714286,236.92857142857142
2023-11-26,196.0,0,6,47,11,2023,219.0,226.0,249.57142857142858,237.39285714285714
2023-11-27,261.0,1,0,48,11,2023,196.0,287.0,245.85714285714286,237.92857142857142
2023-11-28,275.0,0,1,48,11,2023,261.0,288.0,244.0,238.71428571428572
2023-11-29,250.0,0,2,48,11,2023,275.0,281.0,239.57142857142858,238.67857142857142
2023-11-30,260.0,0,3,48,11,2023,250.0,242.0,242.14285714285714,239.82142857142858
2023-12-01,259.0,1,4,48,12,2023,260.0,234.0,245.71428571428572,240.85714285714286
2023-12-02,259.0,0,5,48,12,2023,259.0,219.0,251.42857142857142,244.35714285714286
2023-12-03,218.0,0,6,48,12,2023,259.0,196.0,254.57142857142858,244.0
2023-12-04,225.0,0,0,49,12,2023,218.0,261.0,249.42857142857142,244.64285714285714
2023-12-05,255.0,0,1,49,12,2023,225.0,275.0,246.57142857142858,244.57142857142858
2023-12-06,246.0,0,2,49,12,2023,255.0,250.0,246.0,244.0
2023-12-07,273.0,0,3,49,12,2023,246.0,260.0,247.85714285714286,243.46428571428572
2023-12-08,179.0,0,4,49,12,2023,273.0,259.0,236.42857142857142,243.75
2023-12-09,207.0,0,5,49,12,2023,179.0,259.0,229.0,243.0
2023-12-10,222.0,0,6,49,12,2023,207.0,218.0,229.57142857142858,244.17857142857142
2023-12-11,245.0,0,0,50,12,2023,222.0,225.0,232.42857142857142,244.07142857142858
2023-12-12,235.0,0,1,50,12,2023,245.0,255.0,229.57142857142858,243.28571428571428
2023-12-13,278.0,1,2,50,12,2023,235.0,246.0,234.14285714285714,243.64285714285714
2023-12-14,255.0,0,3,50,12,2023,278.0,273.0,231.57142857142858,243.67857142857142
2023-12-15,244.0,0,4,50,12,2023,255.0,179.0,240.85714285714286,244.64285714285714
2023-12-16,191.0,0,5,50,12,2023,244.0,207.0,238.57142857142858,243.21428571428572
2023-12-17,206.0,0,6,50,12,2023,191.0,222.0,236.28571428571428,242.5
2023-12-18,213.0,0,0,51,12,2023,206.0,245.0,231.71428571428572,239.85714285714286
2023-12-19,258.0,0,1,51,12,2023,213.0,235.0,235.0,238.78571428571428
2023-12-20,243.0,0,2,51,12,2023,258.0,278.0,230.0,237.42857142857142
2023-12-21,249.0,0,3,51,12,2023,243.0,255.0,229.14285714285714,237.67857142857142
2023-12-22,211.0,0,4,51,12,2023,249.0,244.0,224.42857142857142,236.85714285714286
2023-12-23,224.0,0,5,51,12,2023,211.0,191.0,229.14285714285714,237.03571428571428
2023-12-24,278.0,0,6,51,12,2023,224.0,206.0,239.42857142857142,239.96428571428572
2023-12-25,270.0,0,0,52,12,2023,278.0,213.0,247.57142857142858,240.28571428571428
2023-12-26,282.0,0,1,52,12,2023,270.0,258.0,251.0,240.53571428571428
2023-12-27,250.0,0,2,52,12,2023,282.0,243.0,252.0,240.53571428571428
2023-12-28,239.0,0,3,52,12,2023,250.0,249.0,250.57142857142858,239.78571428571428
2023-12-29,198.0,0,4,52,12,2023,239.0,211.0,248.71428571428572,237.60714285714286
2023-12-30,210.0,0,5,52,12,2023,198.0,224.0,246.71428571428572,235.85714285714286
2023-12-31,217.0,0,6,52,12,2023,210.0,278.0,238.0,235.82142857142858
2024-01-01,249.0,0,0,1,1,2024,217.0,270.0,235.0,236.67857142857142
2024-01-02,331.0,1,1,1,1,2024,249.0,282.0,242.0,239.39285714285714
2024-01-03,273.0,0,2,1,1,2024,331.0,250.0,245.28571428571428,240.35714285714286
2024-01-04,278.0,0,3,1,1,2024,273.0,239.0,250.85714285714286,240.53571428571428
2024-01-05,266.0,0,4,1,1,2024,278.0,198.0,260.57142857142856,243.64285714285714
2024-01-06,271.0,1,5,1,1,2024,266.0,210.0,269.2857142857143,245.92857142857142
2024-01-07,219.0,0,6,1,1,2024,271.0,217.0,269.57142857142856,245.82142857142858
2024-01-08,193.0,0,0,2,1,2024,219.0,249.0,261.57142857142856,243.96428571428572
2024-01-09,234.0,0,1,2,1,2024,193.0,331.0,247.71428571428572,243.92857142857142
2024-01-10,264.0,0,2,2,1,2024,234.0,273.0,246.42857142857142,243.42857142857142
2024-01-11,239.0,0,3,2,1,2024,264.0,278.0,240.85714285714286,242.85714285714286
2024-01-12,250.0,1,4,2,1,2024,239.0,266.0,238.57142857142858,243.07142857142858
2024-01-13,262.0,1,5,2,1,2024,250.0,271.0,237.28571428571428,245.60714285714286
2024-01-14,228.0,0,6,2,1,2024,262.0,219.0,238.57142857142858,246.39285714285714
2024-01-15,218.0,0,0,3,1,2024,228.0,193.0,242.14285714285714,246.57142857142858
2024-01-16,285.0,0,1,3,1,2024,218.0,234.0,249.42857142857142,247.53571428571428
2024-01-17,279.0,0,2,3,1,2024,285.0,264.0,251.57142857142858,248.82142857142858
2024-01-18,274.0,0,3,3,1,2024,279.0,239.0,256.57142857142856,249.71428571428572
2024-01-19,278.0,1,4,3,1,2024,274.0,250.0,260.57142857142856,252.10714285714286
2024-01-20,261.0,1,5,3,1,2024,278.0,262.0,260.42857142857144,253.42857142857142
2024-01-21,245.0,1,6,3,1,2024,261.0,228.0,262.85714285714283,252.25
2024-01-22,194.0,0,0,4,1,2024,245.0,218.0,259.42857142857144,249.53571428571428
2024-01-23,257.0,0,1,4,1,2024,194.0,285.0,255.42857142857142,248.64285714285714
2024-01-24,273.0,0,2,4,1,2024,257.0,279.0,254.57142857142858,249.46428571428572
2024-01-25,245.0,0,3,4,1,2024,273.0,274.0,250.42857142857142,249.67857142857142
2024-01-26,188.0,0,4,4,1,2024,245.0,278.0,237.57142857142858,249.32142857142858
2024-01-27,254.0,1,5,4,1,2024,188.0,261.0,236.57142857142858,250.89285714285714
2024-01-28,201.0,0,6,4,1,2024,254.0,245.0,230.28571428571428,250.32142857142858
2024-01-29,232.0,0,0,5,1,2024,201.0,194.0,235.71428571428572,249.71428571428572
2024-01-30,301.0,0,1,5,1,2024,232.0,257.0,242.0,248.64285714285714
2024-01-31,269.0,0,2,5,1,2024,301.0,273.0,241.42857142857142,248.5
2024-02-01,222.0,0,3,5,2,2024,269.0,245.0,238.14285714285714,246.5
2024-02-02,244.0,0,4,5,2,2024,222.0,188.0,246.14285714285714,245.71428571428572
2024-02-03,209.0,0,5,5,2,2024,244.0,254.0,239.71428571428572,243.5
2024-02-04,196.0,0,6,5,2,2024,209.0,201.0,239.0,242.67857142857142
2024-02-05,222.0,0,0,6,2,2024,196.0,232.0,237.57142857142858,243.71428571428572
2024-02-06,271.0,0,1,6,2,2024,222.0,301.0,233.28571428571428,245.03571428571428
2024-02-07,279.0,0,2,6,2,2024,271.0,269.0,234.71428571428572,245.57142857142858
2024-02-08,339.0,1,3,6,2,2024,279.0,222.0,251.42857142857142,249.14285714285714
2024-02-09,175.0,0,4,6,2,2024,339.0,244.0,241.57142857142858,246.46428571428572
2024-02-10,239.0,0,5,6,2,2024,175.0,209.0,245.85714285714286,245.64285714285714
2024-02-11,277.0,1,6,6,2,2024,239.0,196.0,257.42857142857144,247.39285714285714
2024-02-12,225.0,0,0,7,2,2024,277.0,222.0,257.85714285714283,247.64285714285714
2024-02-13,247.0,0,1,7,2,2024,225.0,271.0,254.42857142857142,246.28571428571428
2024-02-14,261.0,0,2,7,2,2024,247.0,279.0,251.85714285714286,245.64285714285714
2024-02-15,247.0,0,3,7,2,2024,261.0,339.0,238.71428571428572,244.67857142857142
2024-02-16,196.0,0,4,7,2,2024,247.0,175.0,241.71428571428572,241.75
2024-02-17,228.0,0,5,7,2,2024,196.0,239.0,240.14285714285714,240.57142857142858
2024-02-18,234.0,0,6,7,2,2024,228.0,277.0,234.0,240.17857142857142
2024-02-19,235.0,0,0,8,2,2024,234.0,225.0,235.42857142857142,241.64285714285714
2024-02-20,300.0,0,1,8,2,2024,235.0,247.0,243.0,243.17857142857142
2024-02-21,275.0,0,2,8,2,2024,300.0,261.0,245.0,243.25
2024-02-22,224.0,0,3,8,2,2024,275.0,247.0,241.71428571428572,242.5
2024-02-23,221.0,0,4,8,2,2024,224.0,196.0,245.28571428571428,243.67857142857142
2024-02-24,245.0,0,5,8,2,2024,221.0,228.0,247.71428571428572,243.35714285714286
2024-02-25,233.0,0,6,8,2,2024,245.0,234.0,247.57142857142858,244.5
2024-02-26,219.0,0,0,9,2,2024,233.0,235.0,245.28571428571428,244.03571428571428
2024-02-27,259.0,0,1,9,2,2024,219.0,300.0,239.42857142857142,242.53571428571428
2024-02-28,264.0,0,2,9,2,2024,259.0,275.0,237.85714285714286,242.35714285714286
2024-02-29,291.0,1,3,9,2,2024,264.0,224.0,247.42857142857142,244.82142857142858
2024-03-01,227.0,0,4,9,3,2024,291.0,221.0,248.28571428571428,244.21428571428572
2024-03-02,177.0,0,5,9,3,2024,227.0,245.0,238.57142857142858,243.07142857142858
2024-03-03,278.0,1,6,9,3,2024,177.0,233.0,245.0,246.0
2024-03-04,226.0,0,0,10,3,2024,278.0,219.0,246.0,246.14285714285714
2024-03-05,221.0,0,1,10,3,2024,226.0,259.0,240.57142857142858,244.35714285714286
2024-03-06,255.0,0,2,10,3,2024,221.0,264.0,239.28571428571428,243.5
2024-03-07,255.0,0,3,10,3,2024,255.0,291.0,234.14285714285714,240.5
2024-03-08,241.0,0,4,10,3,2024,255.0,227.0,236.14285714285714,242.85714285714286
2024-03-09,231.0,0,5,10,3,2024,241.0,177.0,243.85714285714286,242.57142857142858
2024-03-10,237.0,0,6,10,3,2024,231.0,278.0,238.0,241.14285714285714
2024-03-11,231.0,0,0,11,3,2024,237.0,226.0,238.71428571428572,241.35714285714286
2024-03-12,245.0,0,1,11,3,2024,231.0,221.0,242.14285714285714,241.28571428571428
2024-03-13,267.0,0,2,11,3,2024,245.0,255.0,243.85714285714286,241.5
2024-03-14,246.0,0,3,11,3,2024,267.0,255.0,242.57142857142858,241.46428571428572
2024-03-15,246.0,0,4,11,3,2024,246.0,241.0,243.28571428571428,243.25
2024-03-16,250.0,1,5,11,3,2024,246.0,231.0,246.0,244.03571428571428
2024-03-17,258.0,0,6,11,3,2024,250.0,237.0,249.0,244.89285714285714
2024-03-18,228.0,0,0,12,3,2024,258.0,231.0,248.57142857142858,244.64285714285714
2024-03-19,236.0,0,1,12,3,2024,228.0,245.0,247.28571428571428,242.35714285714286
2024-03-20,263.0,0,2,12,3,2024,236.0,267.0,246.71428571428572,241.92857142857142
2024-03-21,285.0,0,3,12,3,2024,263.0,246.0,252.28571428571428,244.10714285714286
2024-03-22,211.0,0,4,12,3,2024,285.0,246.0,247.28571428571428,243.75
2024-03-23,203.0,0,5,12,3,2024,211.0,250.0,240.57142857142858,242.25
2024-03-24,199.0,0,6,12,3,2024,203.0,258.0,232.14285714285714,241.03571428571428
2024-03-25,260.0,0,0,13,3,2024,199.0,228.0,236.71428571428572,242.5
2024-03-26,235.0,0,1,13,3,2024,260.0,236.0,236.57142857142858,241.64285714285714
2024-03-27,260.0,0,2,13,3,2024,235.0,263.0,236.14285714285714,241.5
2024-03-28,236.0,0,3,13,3,2024,260.0,285.0,229.14285714285714,239.53571428571428
2024-03-29,246.0,0,4,13,3,2024,236.0,211.0,234.14285714285714,240.21428571428572
2024-03-30,219.0,0,5,13,3,2024,246.0,203.0,236.42857142857142,241.71428571428572
2024-03-31,247.0,0,6,13,3,2024,219.0,199.0,243.28571428571428,240.60714285714286
2024-04-01,244.0,0,0,14,4,2024,247.0,260.0,241.0,241.25
2024-04-02,276.0,0,1,14,4,2024,244.0,235.0,246.85714285714286,243.21428571428572
2024-04-03,300.0,0,2,14,4,2024,276.0,260.0,252.57142857142858,244.82142857142858
2024-04-04,233.0,0,3,14,4,2024,300.0,236.0,252.14285714285714,244.03571428571428
2024-04-05,260.0,1,4,14,4,2024,233.0,246.0,254.14285714285714,244.71428571428572
2024-04-06,214.0,0,5,14,4,2024,260.0,219.0,253.42857142857142,244.10714285714286
2024-04-07,215.0,0,6,14,4,2024,214.0,247.0,248.85714285714286,243.32142857142858
2024-04-08,263.0,0,0,15,4,2024,215.0,244.0,251.57142857142858,244.46428571428572
2024-04-09,302.0,0,1,15,4,2024,263.0,276.0,255.28571428571428,246.5
2024-04-10,280.0,0,2,15,4,2024,302.0,300.0,252.42857142857142,246.96428571428572
2024-04-11,304.0,1,3,15,4,2024,280.0,233.0,262.57142857142856,249.03571428571428
2024-04-12,239.0,0,4,15,4,2024,304.0,260.0,259.57142857142856,248.78571428571428
2024-04-13,228.0,0,5,15,4,2024,239.0,214.0,261.57142857142856,248.0
2024-04-14,193.0,0,6,15,4,2024,228.0,215.0,258.42857142857144,245.67857142857142
2024-04-15,220.0,0,0,16,4,2024,193.0,263.0,252.28571428571428,245.39285714285714
2024-04-16,287.0,1,1,16,4,2024,220.0,302.0,250.14285714285714,247.21428571428572
2024-04-17,251.0,0,2,16,4,2024,287.0,280.0,246.0,246.78571428571428
2024-04-18,255.0,0,3,16,4,2024,251.0,304.0,239.0,245.71428571428572
2024-04-19,213.0,0,4,16,4,2024,255.0,239.0,235.28571428571428,245.78571428571428
2024-04-20,236.0,0,5,16,4,2024,213.0,228.0,236.42857142857142,246.96428571428572
2024-04-21,225.0,0,6,16,4,2024,236.0,193.0,241.0,247.89285714285714
2024-04-22,280.0,1,0,17,4,2024,225.0,220.0,249.57142857142858,248.60714285714286
2024-04-23,252.0,0,1,17,4,2024,280.0,287.0,244.57142857142858,249.21428571428572
2024-04-24,289.0,0,2,17,4,2024,252.0,251.0,250.0,250.25
2024-04-25,251.0,0,3,17,4,2024,289.0,255.0,249.42857142857142,250.78571428571428
2024-04-26,219.0,0,4,17,4,2024,251.0,213.0,250.28571428571428,249.82142857142858
2024-04-27,203.0,0,5,17,4,2024,219.0,236.0,245.57142857142858,249.25
2024-04-28,216.0,0,6,17,4,2024,203.0,225.0,244.28571428571428,248.14285714285714
2024-04-29,251.0,0,0,18,4,2024,216.0,280.0,240.14285714285714,248.39285714285714
2024-04-30,304.0,1,1,18,4,2024,251.0,252.0,247.57142857142858,249.39285714285714
2024-05-01,297.0,0,2,18,5,2024,304.0,289.0,248.71428571428572,249.28571428571428
2024-05-02,288.0,0,3,18,5,2024,297.0,251.0,254.0,251.25
2024-05-03,249.0,1,4,18,5,2024,288.0,219.0,258.2857142857143,250.85714285714286
2024-05-04,190.0,0,5,18,5,2024,249.0,203.0,256.42857142857144,250.0
2024-05-05,252.0,1,6,18,5,2024,190.0,216.0,261.57142857142856,251.32142857142858
2024-05-06,255.0,0,0,19,5,2024,252.0,251.0,262.14285714285717,251.03571428571428
2024-05-07,245.0,0,1,19,5,2024,255.0,304.0,253.71428571428572,249.0
2024-05-08,296.0,0,2,19,5,2024,245.0,297.0,253.57142857142858,249.57142857142858
2024-05-09,306.0,0,3,19,5,2024,296.0,288.0,256.14285714285717,249.64285714285714
2024-05-10,253.0,0,4,19,5,2024,306.0,249.0,256.7142857142857,250.14285714285714
2024-05-11,221.0,0,5,19,5,2024,253.0,190.0,261.14285714285717,249.89285714285714
2024-05-12,186.0,0,6,19,5,2024,221.0,252.0,251.71428571428572,249.64285714285714
2024-05-13,234.0,0,0,20,5,2024,186.0,255.0,248.71428571428572,250.14285714285714
2024-05-14,253.0,0,1,20,5,2024,234.0,245.0,249.85714285714286,248.92857142857142
2024-05-15,261.0,0,2,20,5,2024,253.0,296.0,244.85714285714286,249.28571428571428
2024-05-16,234.0,0,3,20,5,2024,261.0,306.0,234.57142857142858,248.53571428571428
2024-05-17,214.0,0,4,20,5,2024,234.0,253.0,229.0,248.57142857142858
2024-05-18,183.0,0,5,20,5,2024,214.0,221.0,223.57142857142858,246.67857142857142
2024-05-19,266.0,0,6,20,5,2024,183.0,186.0,235.0,248.14285714285714
2024-05-20,272.0,0,0,21,5,2024,266.0,234.0,240.42857142857142,247.85714285714286
2024-05-21,270.0,0,1,21,5,2024,272.0,253.0,242.85714285714286,248.5
2024-05-22,287.0,0,2,21,5,2024,270.0,261.0,246.57142857142858,248.42857142857142
2024-05-23,261.0,0,3,21,5,2024,287.0,234.0,250.42857142857142,248.78571428571428
2024-05-24,263.0,0,4,21,5,2024,261.0,214.0,257.42857142857144,250.35714285714286
2024-05-25,242.0,0,5,21,5,2024,263.0,183.0,265.85714285714283,251.75
2024-05-26,304.0,1,6,21,5,2024,242.0,266.0,271.2857142857143,254.89285714285714
2024-05-27,252.0,0,0,22,5,2024,304.0,272.0,268.42857142857144,254.92857142857142
2024-05-28,235.0,0,1,22,5,2024,252.0,270.0,263.42857142857144,252.46428571428572
2024-05-29,272.0,0,2,22,5,2024,235.0,287.0,261.2857142857143,251.57142857142858
2024-05-30,313.0,0,3,22,5,2024,272.0,261.0,268.7142857142857,252.46428571428572
2024-05-31,280.0,1,4,22,5,2024,313.0,263.0,271.14285714285717,253.57142857142858
2024-06-01,291.0,1,5,22,6,2024,280.0,242.0,278.14285714285717,257.17857142857144
2024-06-02,206.0,0,6,22,6,2024,291.0,304.0,264.14285714285717,255.53571428571428
2024-06-03,216.0,0,0,23,6,2024,206.0,252.0,259.0,254.14285714285714
2024-06-04,262.0,0,1,23,6,2024,216.0,235.0,262.85714285714283,254.75
2024-06-05,264.0,0,2,23,6,2024,262.0,272.0,261.7142857142857,253.60714285714286
2024-06-06,258.0,0,3,23,6,2024,264.0,313.0,253.85714285714286,251.89285714285714
2024-06-07,224.0,0,4,23,6,2024,258.0,280.0,245.85714285714286,250.85714285714286
2024-06-08,221.0,0,5,23,6,2024,224.0,291.0,235.85714285714286,250.85714285714286
2024-06-09,234.0,0,6,23,6,2024,221.0,206.0,239.85714285714286,252.57142857142858
2024-06-10,244.0,0,0,24,6,2024,234.0,216.0,243.85714285714286,252.92857142857142
2024-06-11,255.0,0,1,24,6,2024,244.0,262.0,242.85714285714286,253.0
2024-06-12,262.0,0,2,24,6,2024,255.0,264.0,242.57142857142858,253.03571428571428
2024-06-13,237.0,0,3,24,6,2024,262.0,258.0,239.57142857142858,253.14285714285714
2024-06-14,249.0,1,4,24,6,2024,237.0,224.0,243.14285714285714,254.39285714285714
2024-06-15,245.0,1,5,24,6,2024,249.0,221.0,246.57142857142858,256.60714285714283
2024-06-16,240.0,0,6,24,6,2024,245.0,234.0,247.42857142857142,255.67857142857142
2024-06-17,266.0,1,0,25,6,2024,240.0,244.0,250.57142857142858,255.46428571428572
2024-06-18,243.0,0,1,25,6,2024,266.0,255.0,248.85714285714286,254.5
2024-06-19,277.0,0,2,25,6,2024,243.0,262.0,251.0,254.14285714285714
2024-06-20,241.0,0,3,25,6,2024,277.0,237.0,251.57142857142858,253.42857142857142
2024-06-21,289.0,0,4,25,6,2024,241.0,249.0,257.2857142857143,254.35714285714286
2024-06-22,175.0,0,5,25,6,2024,289.0,245.0,247.28571428571428,251.96428571428572
2024-06-23,226.0,0,6,25,6,2024,175.0,240.0,245.28571428571428,249.17857142857142
2024-06-24,317.0,1,0,26,6,2024,226.0,266.0,252.57142857142858,251.5
2024-06-25,315.0,1,1,26,6,2024,317.0,243.0,262.85714285714283,254.35714285714286
2024-06-26,282.0,0,2,26,6,2024,315.0,277.0,263.57142857142856,254.71428571428572
2024-06-27,308.0,1,3,26,6,2024,282.0,241.0,273.14285714285717,254.53571428571428
2024-06-28,255.0,0,4,26,6,2024,308.0,289.0,268.2857142857143,253.64285714285714
2024-06-29,203.0,0,5,26,6,2024,255.0,175.0,272.2857142857143,250.5
2024-06-30,255.0,0,6,26,6,2024,203.0,226.0,276.42857142857144,252.25
2024-07-01,243.0,0,0,27,7,2024,255.0,317.0,265.85714285714283,253.21428571428572
2024-07-02,323.0,1,1,27,7,2024,243.0,315.0,267.0,255.39285714285714
2024-07-03,330.0,1,2,27,7,2024,323.0,282.0,273.85714285714283,257.75
2024-07-04,247.0,0,3,27,7,2024,330.0,308.0,265.14285714285717,257.35714285714283
2024-07-05,208.0,0,4,27,7,2024,247.0,255.0,258.42857142857144,256.7857142857143
2024-07-06,225.0,0,5,27,7,2024,208.0,203.0,261.57142857142856,256.92857142857144
2024-07-07,211.0,0,6,27,7,2024,225.0,255.0,255.28571428571428,256.10714285714283
2024-07-08,233.0,0,0,28,7,2024,211.0,243.0,253.85714285714286,255.71428571428572
2024-07-09,277.0,0,1,28,7,2024,233.0,323.0,247.28571428571428,256.5
2024-07-10,309.0,0,2,28,7,2024,277.0,330.0,244.28571428571428,258.17857142857144
2024-07-11,280.0,0,3,28,7,2024,309.0,247.0,249.0,259.7142857142857
2024-07-12,270.0,0,4,28,7,2024,280.0,208.0,257.85714285714283,260.4642857142857
2024-07-13,279.0,1,5,28,7,2024,270.0,225.0,265.57142857142856,261.67857142857144
2024-07-14,214.0,0,6,28,7,2024,279.0,211.0,266.0,260.75
2024-07-15,274.0,0,0,29,7,2024,214.0,233.0,271.85714285714283,261.0357142857143
2024-07-16,311.0,0,1,29,7,2024,274.0,277.0,276.7142857142857,263.4642857142857
2024-07-17,262.0,0,2,29,7,2024,311.0,309.0,270.0,262.92857142857144
2024-07-18,291.0,0,3,29,7,2024,262.0,280.0,271.57142857142856,264.7142857142857
2024-07-19,289.0,1,4,29,7,2024,291.0,270.0,274.2857142857143,264.7142857142857
2024-07-20,185.0,0,5,29,7,2024,289.0,279.0,260.85714285714283,265.07142857142856
2024-07-21,235.0,0,6,29,7,2024,185.0,214.0,263.85714285714283,265.39285714285717
2024-07-22,300.0,1,0,30,7,2024,235.0,274.0,267.57142857142856,264.7857142857143
2024-07-23,266.0,0,1,30,7,2024,300.0,311.0,261.14285714285717,263.0357142857143
2024-07-24,281.0,0,2,30,7,2024,266.0,262.0,263.85714285714283,263.0
2024-07-25,287.0,1,3,30,7,2024,281.0,291.0,263.2857142857143,262.25
2024-07-26,253.0,0,4,30,7,2024,287.0,289.0,258.14285714285717,262.17857142857144
2024-07-27,231.0,0,5,30,7,2024,253.0,185.0,264.7142857142857,263.17857142857144
2024-07-28,205.0,0,6,30,7,2024,231.0,235.0,260.42857142857144,261.39285714285717
2024-07-29,233.0,0,0,31,7,2024,205.0,300.0,250.85714285714286,261.0357142857143
2024-07-30,251.0,0,1,31,7,2024,233.0,266.0,248.71428571428572,258.4642857142857
2024-07-31,346.0,1,2,31,7,2024,251.0,281.0,258.0,259.0357142857143
2024-08-01,241.0,0,3,31,8,2024,346.0,287.0,251.42857142857142,258.82142857142856
2024-08-02,247.0,0,4,31,8,2024,241.0,253.0,250.57142857142858,260.2142857142857
2024-08-03,202.0,0,5,31,8,2024,247.0,231.0,246.42857142857142,259.39285714285717
2024-08-04,250.0,1,6,31,8,2024,202.0,205.0,252.85714285714286,260.7857142857143
2024-08-05,247.0,0,0,32,8,2024,250.0,233.0,254.85714285714286,261.2857142857143
2024-08-06,268.0,0,1,32,8,2024,247.0,251.0,257.2857142857143,260.9642857142857
2024-08-07,321.0,0,2,32,8,2024,268.0,346.0,253.71428571428572,261.39285714285717
2024-08-08,259.0,0,3,32,8,2024,321.0,241.0,256.2857142857143,260.64285714285717
2024-08-09,242.0,0,4,32,8,2024,259.0,247.0,255.57142857142858,259.64285714285717
2024-08-10,284.0,1,5,32,8,2024,242.0,202.0,267.2857142857143,259.82142857142856
2024-08-11,203.0,0,6,32,8,2024,284.0,250.0,260.57142857142856,259.42857142857144
2024-08-12,224.0,0,0,33,8,2024,203.0,247.0,257.2857142857143,257.64285714285717
2024-08-13,290.0,0,1,33,8,2024,224.0,268.0,260.42857142857144,256.89285714285717
2024-08-14,286.0,0,2,33,8,2024,290.0,321.0,255.42857142857142,257.75
2024-08-15,309.0,1,3,33,8,2024,286.0,259.0,262.57142857142856,258.39285714285717
2024-08-16,234.0,0,4,33,8,2024,309.0,242.0,261.42857142857144,256.42857142857144
2024-08-17,193.0,0,5,33,8,2024,234.0,284.0,248.42857142857142,256.7142857142857
2024-08-18,272.0,1,6,33,8,2024,193.0,203.0,258.2857142857143,258.0357142857143
2024-08-19,238.0,0,0,34,8,2024,272.0,224.0,260.2857142857143,255.82142857142858
2024-08-20,336.0,1,1,34,8,2024,238.0,290.0,266.85714285714283,258.32142857142856
2024-08-21,271.0,0,2,34,8,2024,336.0,286.0,264.7142857142857,257.9642857142857
2024-08-22,319.0,1,3,34,8,2024,271.0,309.0,266.14285714285717,259.10714285714283
2024-08-23,219.0,0,4,34,8,2024,319.0,234.0,264.0,257.89285714285717
2024-08-24,234.0,0,5,34,8,2024,219.0,193.0,269.85714285714283,258.0
2024-08-25,195.0,0,6,34,8,2024,234.0,272.0,258.85714285714283,257.64285714285717
2024-08-26,248.0,0,0,35,8,2024,195.0,238.0,260.2857142857143,258.17857142857144
2024-08-27,300.0,0,1,35,8,2024,248.0,336.0,255.14285714285714,259.92857142857144
2024-08-28,296.0,0,2,35,8,2024,300.0,271.0,258.7142857142857,258.14285714285717
2024-08-29,269.0,1,3,35,8,2024,296.0,319.0,251.57142857142858,259.14285714285717
2024-08-30,217.0,0,4,35,8,2024,269.0,219.0,251.28571428571428,258.07142857142856
2024-08-31,209.0,0,5,35,8,2024,217.0,234.0,247.71428571428572,258.32142857142856
2024-09-01,250.0,0,6,35,9,2024,209.0,195.0,255.57142857142858,258.32142857142856
2024-09-02,249.0,0,0,36,9,2024,250.0,248.0,255.71428571428572,258.39285714285717
2024-09-03,286.0,0,1,36,9,2024,249.0,300.0,253.71428571428572,259.0357142857143
2024-09-04,296.0,0,2,36,9,2024,286.0,296.0,253.71428571428572,258.14285714285717
2024-09-05,296.0,0,3,36,9,2024,296.0,269.0,257.57142857142856,259.4642857142857
2024-09-06,187.0,0,4,36,9,2024,296.0,217.0,253.28571428571428,257.5
2024-09-07,212.0,0,5,36,9,2024,187.0,209.0,253.71428571428572,254.92857142857142
2024-09-08,219.0,0,6,36,9,2024,212.0,250.0,249.28571428571428,255.5
2024-09-09,248.0,0,0,37,9,2024,219.0,249.0,249.14285714285714,256.35714285714283
2024-09-10,262.0,0,1,37,9,2024,248.0,286.0,245.71428571428572,255.35714285714286
2024-09-11,290.0,0,2,37,9,2024,262.0,296.0,244.85714285714286,255.5
2024-09-12,280.0,0,3,37,9,2024,290.0,296.0,242.57142857142858,254.46428571428572
2024-09-13,231.0,0,4,37,9,2024,280.0,187.0,248.85714285714286,254.35714285714286
2024-09-14,253.0,1,5,37,9,2024,231.0,212.0,254.71428571428572,256.5
2024-09-15,298.0,1,6,37,9,2024,253.0,219.0,266.0,257.42857142857144
2024-09-16,305.0,1,0,38,9,2024,298.0,248.0,274.14285714285717,259.82142857142856
2024-09-17,329.0,1,1,38,9,2024,305.0,262.0,283.7142857142857,259.57142857142856
2024-09-18,263.0,0,2,38,9,2024,329.0,290.0,279.85714285714283,259.2857142857143
2024-09-19,248.0,0,3,38,9,2024,263.0,280.0,275.2857142857143,256.75
2024-09-20,241.0,0,4,38,9,2024,248.0,231.0,276.7142857142857,257.5357142857143
2024-09-21,229.0,0,5,38,9,2024,241.0,253.0,273.2857142857143,257.35714285714283
2024-09-22,261.0,1,6,38,9,2024,229.0,298.0,268.0,259.7142857142857
2024-09-23,221.0,0,0,39,9,2024,261.0,305.0,256.0,258.75
2024-09-24,252.0,0,1,39,9,2024,221.0,329.0,245.0,257.0357142857143
2024-09-25,298.0,0,2,39,9,2024,252.0,263.0,250.0,257.10714285714283
2024-09-26,247.0,0,3,39,9,2024,298.0,248.0,249.85714285714286,256.32142857142856
2024-09-27,307.0,1,4,39,9,2024,247.0,241.0,259.2857142857143,259.5357142857143
2024-09-28,240.0,0,5,39,9,2024,307.0,229.0,260.85714285714283,260.64285714285717
2024-09-29,206.0,0,6,39,9,2024,240.0,261.0,253.0,259.07142857142856
2024-09-30,294.0,0,0,40,9,2024,206.0,221.0,263.42857142857144,260.67857142857144
2024-10-01,246.0,0,1,40,10,2024,294.0,252.0,262.57142857142856,259.25
2024-10-02,260.0,0,2,40,10,2024,246.0,298.0,257.14285714285717,257.9642857142857
2024-10-03,294.0,0,3,40,10,2024,260.0,247.0,263.85714285714283,257.89285714285717
2024-10-04,301.0,1,4,40,10,2024,294.0,307.0,263.0,261.9642857142857
2024-10-05,216.0,0,5,40,10,2024,301.0,240.0,259.57142857142856,262.10714285714283
2024-10-06,222.0,0,6,40,10,2024,216.0,206.0,261.85714285714283,262.2142857142857
2024-10-07,254.0,0,0,41,10,2024,222.0,294.0,256.14285714285717,262.42857142857144
2024-10-08,315.0,1,1,41,10,2024,254.0,246.0,266.0,264.32142857142856
2024-10-09,332.0,0,2,41,10,2024,315.0,260.0,276.2857142857143,265.82142857142856
2024-10-10,272.0,0,3,41,10,2024,332.0,294.0,273.14285714285717,265.5357142857143
2024-10-11,234.0,0,4,41,10,2024,272.0,301.0,263.57142857142856,265.64285714285717
2024-10-12,195.0,0,5,41,10,2024,234.0,216.0,260.57142857142856,263.57142857142856
2024-10-13,242.0,0,6,41,10,2024,195.0,222.0,263.42857142857144,261.57142857142856
2024-10-14,255.0,0,0,42,10,2024,242.0,254.0,263.57142857142856,259.7857142857143
2024-10-15,284.0,0,1,42,10,2024,255.0,315.0,259.14285714285717,258.17857142857144
2024-10-16,287.0,0,2,42,10,2024,284.0,332.0,252.71428571428572,259.0357142857143
2024-10-17,261.0,0,3,42,10,2024,287.0,272.0,251.14285714285714,259.5
2024-10-18,289.0,1,4,42,10,2024,261.0,234.0,259.0,261.2142857142857
2024-10-19,192.0,0,5,42,10,2024,289.0,195.0,258.57142857142856,259.89285714285717
2024-10-20,224.0,0,6,42,10,2024,192.0,242.0,256.0,258.57142857142856
2024-10-21,258.0,0,0,43,10,2024,224.0,255.0,256.42857142857144,259.89285714285717
2024-10-22,314.0,0,1,43,10,2024,258.0,284.0,260.7142857142857,262.10714285714283
2024-10-23,272.0,0,2,43,10,2024,314.0,287.0,258.57142857142856,261.17857142857144
2024-10-24,226.0,0,3,43,10,2024,272.0,261.0,253.57142857142858,260.42857142857144
2024-10-25,292.0,1,4,43,10,2024,226.0,289.0,254.0,259.89285714285717
2024-10-26,202.0,0,5,43,10,2024,292.0,192.0,255.42857142857142,258.5357142857143
2024-10-27,233.0,0,6,43,10,2024,202.0,224.0,256.7142857142857,259.5
2024-10-28,222.0,0,0,44,10,2024,233.0,258.0,251.57142857142858,256.92857142857144
2024-10-29,333.0,0,1,44,10,2024,222.0,314.0,254.28571428571428,260.0357142857143
2024-10-30,321.0,1,2,44,10,2024,333.0,272.0,261.2857142857143,262.2142857142857
2024-10-31,262.0,0,3,44,10,2024,321.0,226.0,266.42857142857144,261.07142857142856
2024-11-01,234.0,0,4,44,11,2024,262.0,292.0,258.14285714285717,258.67857142857144
2024-11-02,207.0,0,5,44,11,2024,234.0,202.0,258.85714285714283,258.35714285714283
2024-11-03,243.0,0,6,44,11,2024,207.0,233.0,260.2857142857143,259.10714285714283
2024-11-04,242.0,0,0,45,11,2024,243.0,222.0,263.14285714285717,258.67857142857144
2024-11-05,290.0,0,1,45,11,2024,242.0,333.0,257.0,257.7857142857143
2024-11-06,293.0,0,2,45,11,2024,290.0,321.0,253.0,256.39285714285717
2024-11-07,252.0,0,3,45,11,2024,293.0,262.0,251.57142857142858,255.67857142857142
2024-11-08,272.0,1,4,45,11,2024,252.0,234.0,257.0,257.0357142857143
2024-11-09,247.0,0,5,45,11,2024,272.0,207.0,262.7142857142857,258.89285714285717
2024-11-10,215.0,0,6,45,11,2024,247.0,243.0,258.7142857142857,257.92857142857144
2024-11-11,227.0,0,0,46,11,2024,215.0,242.0,256.57142857142856,256.92857142857144
2024-11-12,320.0,0,1,46,11,2024,227.0,290.0,260.85714285714283,258.2142857142857
2024-11-13,282.0,0,2,46,11,2024,320.0,293.0,259.2857142857143,258.0357142857143
2024-11-14,285.0,1,3,46,11,2024,282.0,252.0,264.0,258.89285714285717
2024-11-15,242.0,0,4,46,11,2024,285.0,272.0,259.7142857142857,257.2142857142857
2024-11-16,271.0,0,5,46,11,2024,242.0,247.0,263.14285714285717,260.0357142857143
2024-11-17,225.0,0,6,46,11,2024,271.0,215.0,264.57142857142856,260.07142857142856
2024-11-18,285.0,0,0,47,11,2024,225.0,227.0,272.85714285714283,261.0357142857143
2024-11-19,262.0,0,1,47,11,2024,285.0,320.0,264.57142857142856,259.17857142857144
2024-11-20,309.0,0,2,47,11,2024,262.0,282.0,268.42857142857144,260.5
2024-11-21,259.0,0,3,47,11,2024,309.0,285.0,264.7142857142857,261.67857142857144
2024-11-22,219.0,0,4,47,11,2024,259.0,242.0,261.42857142857144,259.07142857142856
2024-11-23,264.0,1,5,47,11,2024,219.0,271.0,260.42857142857144,261.2857142857143
2024-11-24,202.0,0,6,47,11,2024,264.0,225.0,257.14285714285717,260.17857142857144
2024-11-25,240.0,0,0,48,11,2024,202.0,285.0,250.71428571428572,260.82142857142856
2024-11-26,259.0,0,1,48,11,2024,240.0,262.0,250.28571428571428,258.17857142857144
2024-11-27,362.0,1,2,48,11,2024,259.0,309.0,257.85714285714283,259.64285714285717
2024-11-28,272.0,0,3,48,11,2024,362.0,259.0,259.7142857142857,260.0
2024-11-29,226.0,0,4,48,11,2024,272.0,219.0,260.7142857142857,259.7142857142857
2024-11-30,176.0,0,5,48,11,2024,226.0,264.0,248.14285714285714,258.60714285714283
2024-12-01,216.0,0,6,48,12,2024,176.0,202.0,250.14285714285714,257.64285714285717
2024-12-02,245.0,0,0,49,12,2024,216.0,240.0,250.85714285714286,257.75
2024-12-03,245.0,0,1,49,12,2024,245.0,259.0,248.85714285714286,256.14285714285717
2024-12-04,306.0,0,2,49,12,2024,245.0,362.0,240.85714285714286,256.60714285714283
2024-12-05,290.0,0,3,49,12,2024,306.0,272.0,243.42857142857142,257.9642857142857
2024-12-06,212.0,0,4,49,12,2024,290.0,226.0,241.42857142857142,255.82142857142858
2024-12-07,224.0,0,5,49,12,2024,212.0,176.0,248.28571428571428,255.0
2024-12-08,223.0,0,6,49,12,2024,224.0,216.0,249.28571428571428,255.28571428571428
2024-12-09,239.0,0,0,50,12,2024,223.0,245.0,248.42857142857142,255.71428571428572
2024-12-10,255.0,0,1,50,12,2024,239.0,245.0,249.85714285714286,253.39285714285714
2024-12-11,321.0,0,2,50,12,2024,255.0,306.0,252.0,254.78571428571428
2024-12-12,279.0,0,3,50,12,2024,321.0,290.0,250.42857142857142,254.57142857142858
2024-12-13,249.0,0,4,50,12,2024,279.0,212.0,255.71428571428572,254.82142857142858
2024-12-14,214.0,0,5,50,12,2024,249.0,224.0,254.28571428571428,252.78571428571428
2024-12-15,242.0,0,6,50,12,2024,214.0,223.0,257.0,253.39285714285714
2024-12-16,255.0,0,0,51,12,2024,242.0,239.0,259.2857142857143,252.32142857142858
2024-12-17,275.0,0,1,51,12,2024,255.0,255.0,262.14285714285717,252.78571428571428
2024-12-18,325.0,1,2,51,12,2024,275.0,321.0,262.7142857142857,253.35714285714286
2024-12-19,240.0,0,3,51,12,2024,325.0,279.0,257.14285714285717,252.67857142857142
2024-12-20,334.0,1,4,51,12,2024,240.0,249.0,269.2857142857143,256.7857142857143
2024-12-21,226.0,0,5,51,12,2024,334.0,214.0,271.0,255.42857142857142
2024-12-22,243.0,0,6,51,12,2024,226.0,242.0,271.14285714285717,256.89285714285717
2024-12-23,257.0,0,0,52,12,2024,243.0,255.0,271.42857142857144,257.5
2024-12-24,232.0,0,1,52,12,2024,257.0,275.0,265.2857142857143,256.5357142857143
2024-12-25,316.0,0,2,52,12,2024,232.0,325.0,264.0,254.89285714285714
2024-12-26,271.0,0,3,52,12,2024,316.0,240.0,268.42857142857144,254.85714285714286
2024-12-27,287.0,1,4,52,12,2024,271.0,334.0,261.7142857142857,257.0357142857143
2024-12-28,219.0,0,5,52,12,2024,287.0,226.0,260.7142857142857,258.57142857142856
2024-12-29,265.0,0,6,52,12,2024,219.0,243.0,263.85714285714283,260.32142857142856
2024-12-30,275.0,0,0,1,12,2024,265.0,257.0,266.42857142857144,261.39285714285717
2024-12-31,375.0,1,1,1,12,2024,275.0,232.0,286.85714285714283,266.0357142857143
